cost_of_the_order,high_rating,is_weekend,Cuisine_American,Cuisine_Chinese,Cuisine_Indian,Cuisine_Italian,Cuisine_Japanese,Cuisine_Mediterranean,Cuisine_Mexican,Cuisine_Middle Eastern,Cuisine_Other,restaurant_order_count,Price_Low,Price_Medium,Price_High
30.75,0,1,0,0,0,0,0,0,0,0,1,2,0,0,1
12.08,0,1,0,0,0,0,1,0,0,0,0,29,1,0,0
12.23,1,0,0,0,0,0,0,0,1,0,0,16,0,1,0
29.2,0,1,1,0,0,0,0,0,0,0,0,96,0,0,1
11.59,1,0,1,0,0,0,0,0,0,0,0,4,1,0,0
25.22,0,0,0,0,1,0,0,0,0,0,0,27,0,0,1
6.07,0,1,0,0,0,1,0,0,0,0,0,132,1,0,0
5.97,0,0,0,0,0,0,0,1,0,0,0,6,1,0,0
16.44,1,0,0,0,1,0,0,0,0,0,0,1,0,1,0
7.18,1,0,0,0,1,0,0,0,0,0,0,2,1,0,0
5.92,0,0,0,1,0,0,0,0,0,0,0,1,1,0,0
8.1,1,1,0,0,0,0,0,0,1,0,0,13,1,0,0
24.3,1,1,1,0,0,0,0,0,0,0,0,96,0,0,1
11.3,0,1,0,0,0,0,0,1,0,0,0,5,1,0,0
12.13,0,0,1,0,0,0,0,0,0,0,0,6,1,0,0
16.2,1,1,1,0,0,0,0,0,0,0,0,219,0,1,0
16.98,0,1,0,0,0,0,1,0,0,0,0,16,0,1,0
33.03,0,1,0,0,0,0,1,0,0,0,0,29,0,0,1
14.12,1,1,0,1,0,0,0,0,0,0,0,55,0,1,0
16.2,1,1,0,0,0,0,1,0,0,0,0,119,0,1,0
24.2,1,1,1,0,0,0,0,0,0,0,0,29,0,0,1
15.91,0,1,1,0,0,0,0,0,0,0,0,219,0,1,0
29.1,1,0,1,0,0,0,0,0,0,0,0,219,0,0,1
8.92,0,1,0,0,0,0,0,0,1,0,0,4,1,0,0
15.86,0,0,0,0,0,0,0,0,0,1,0,18,0,1,0
29.1,1,0,0,0,0,0,0,0,0,1,0,18,0,0,1
21.88,1,0,0,0,0,1,0,0,0,0,0,132,0,0,1
14.02,0,1,0,0,0,1,0,0,0,0,0,12,0,1,0
9.17,0,1,0,0,0,1,0,0,0,0,0,5,1,0,0
12.18,0,0,0,0,0,0,1,0,0,0,0,37,1,0,0
31.33,1,1,0,0,1,0,0,0,0,0,0,16,0,0,1
29.05,1,1,0,0,0,0,0,0,0,0,1,1,0,0,1
8.39,0,0,1,0,0,0,0,0,0,0,0,5,1,0,0
9.12,0,1,0,0,0,0,1,0,0,0,0,49,1,0,0
29.1,1,1,0,0,0,1,0,0,0,0,0,68,0,0,1
15.47,0,1,0,0,0,0,1,0,0,0,0,11,0,1,0
16.01,1,0,0,0,0,0,1,0,0,0,0,119,0,1,0
24.3,1,0,0,0,0,1,0,0,0,0,0,132,0,0,1
29.83,1,0,0,0,0,0,1,0,0,0,0,1,0,0,1
19.89,0,1,1,0,0,0,0,0,0,0,0,219,0,0,1
19.35,1,1,0,0,0,0,0,0,1,0,0,23,0,1,0
33.22,0,1,0,0,0,0,1,0,0,0,0,49,0,0,1
24.25,1,1,0,1,0,0,0,0,0,0,0,59,0,0,1
16.44,0,1,1,0,0,0,0,0,0,0,0,9,0,1,0
22.75,1,1,1,0,0,0,0,0,0,0,0,29,0,0,1
6.74,1,1,0,0,0,1,0,0,0,0,0,132,1,0,0
29.05,1,1,1,0,0,0,0,0,0,0,0,3,0,0,1
13.78,1,1,1,0,0,0,0,0,0,0,0,7,0,1,0
19.89,0,0,1,0,0,0,0,0,0,0,0,96,0,0,1
16.93,1,1,0,0,0,0,0,0,0,0,1,14,0,1,0
21.88,0,1,0,0,0,1,0,0,0,0,0,2,0,0,1
29.39,0,1,1,0,0,0,0,0,0,0,0,96,0,0,1
20.23,1,1,0,0,0,0,1,0,0,0,0,49,0,0,1
29.1,0,1,0,1,0,0,0,0,0,0,0,59,0,0,1
22.75,0,1,0,0,0,0,0,1,0,0,0,25,0,0,1
14.12,0,1,0,0,0,0,0,1,0,0,0,7,0,1,0
14.6,0,0,0,0,0,0,1,0,0,0,0,37,0,1,0
12.23,1,0,0,1,0,0,0,0,0,0,0,55,0,1,0
14.02,1,1,0,1,0,0,0,0,0,0,0,3,0,1,0
6.79,0,0,1,0,0,0,0,0,0,0,0,96,1,0,0
24.25,0,1,1,0,0,0,0,0,0,0,0,96,0,0,1
33.03,0,1,0,0,0,0,1,0,0,0,0,44,0,0,1
31.38,1,1,0,0,0,0,0,0,1,0,0,16,0,0,1
8.34,0,0,1,0,0,0,0,0,0,0,0,15,1,0,0
33.03,0,0,1,0,0,0,0,0,0,0,0,219,0,0,1
24.2,0,0,1,0,0,0,0,0,0,0,0,4,0,0,1
12.46,1,1,0,1,0,0,0,0,0,0,0,59,0,1,0
15.86,1,1,0,0,0,0,1,0,0,0,0,42,0,1,0
14.55,0,1,0,0,0,1,0,0,0,0,0,14,0,1,0
32.93,1,1,1,0,0,0,0,0,0,0,0,96,0,0,1
16.98,0,1,1,0,0,0,0,0,0,0,0,219,0,1,0
8.0,1,1,1,0,0,0,0,0,0,0,0,219,1,0,0
13.05,0,1,0,0,0,1,0,0,0,0,0,68,0,1,0
29.05,1,1,0,0,0,0,1,0,0,0,0,11,0,0,1
5.67,1,0,0,0,1,0,0,0,0,0,0,2,1,0,0
16.93,0,1,0,0,0,1,0,0,0,0,0,132,0,1,0
29.29,1,1,0,0,0,0,1,0,0,0,0,5,0,0,1
16.15,1,1,0,0,1,0,0,0,0,0,0,16,0,1,0
22.75,0,1,0,1,0,0,0,0,0,0,0,55,0,0,1
13.34,1,1,0,1,0,0,0,0,0,0,0,46,0,1,0
9.75,1,1,1,0,0,0,0,0,0,0,0,219,1,0,0
6.69,1,0,1,0,0,0,0,0,0,0,0,9,1,0,0
4.75,1,0,1,0,0,0,0,0,0,0,0,219,1,0,0
12.56,1,1,0,0,0,0,0,0,1,0,0,23,0,1,0
21.2,0,1,0,0,0,1,0,0,0,0,0,132,0,0,1
19.31,0,1,0,0,0,0,0,0,1,0,0,4,0,1,0
16.3,0,0,0,0,0,0,1,0,0,0,0,42,0,1,0
13.05,1,0,0,0,0,1,0,0,0,0,0,12,0,1,0
25.27,1,0,0,0,0,0,1,0,0,0,0,49,0,0,1
14.79,1,1,0,0,0,0,0,0,0,0,1,14,0,1,0
5.72,0,0,1,0,0,0,0,0,0,0,0,219,1,0,0
16.15,1,1,0,0,1,0,0,0,0,0,0,1,0,1,0
33.03,1,1,0,1,0,0,0,0,0,0,0,55,0,0,1
16.2,1,1,0,0,0,0,0,0,1,0,0,5,0,1,0
9.22,0,0,0,1,0,0,0,0,0,0,0,9,1,0,0
16.39,0,1,1,0,0,0,0,0,0,0,0,96,0,1,0
12.18,0,0,1,0,0,0,0,0,0,0,0,96,1,0,0
24.2,1,0,1,0,0,0,0,0,0,0,0,219,0,0,1
17.03,0,1,1,0,0,0,0,0,0,0,0,7,0,1,0
6.79,0,0,0,0,0,0,0,0,1,0,0,16,1,0,0
21.83,0,1,0,0,0,1,0,0,0,0,0,37,0,0,1
31.29,0,0,1,0,0,0,0,0,0,0,0,96,0,0,1
11.83,1,1,0,0,0,0,1,0,0,0,0,119,1,0,0
24.3,1,1,1,0,0,0,0,0,0,0,0,29,0,0,1
22.26,0,1,0,0,0,1,0,0,0,0,0,132,0,0,1
20.47,1,1,0,0,0,0,1,0,0,0,0,49,0,0,1
12.18,1,1,0,0,0,0,1,0,0,0,0,119,1,0,0
15.81,1,1,0,1,0,0,0,0,0,0,0,4,0,1,0
22.36,1,1,0,0,0,1,0,0,0,0,0,12,0,0,1
8.68,1,1,0,0,0,0,1,0,0,0,0,119,1,0,0
21.83,0,1,1,0,0,0,0,0,0,0,0,219,0,0,1
16.3,0,0,1,0,0,0,0,0,0,0,0,27,0,1,0
12.9,0,0,1,0,0,0,0,0,0,0,0,3,0,1,0
29.15,1,0,0,0,0,1,0,0,0,0,0,68,0,0,1
13.05,1,0,0,0,0,0,0,0,0,0,1,2,0,1,0
22.36,1,1,0,0,0,0,1,0,0,0,0,18,0,0,1
31.29,0,0,1,0,0,0,0,0,0,0,0,219,0,0,1
7.86,1,0,1,0,0,0,0,0,0,0,0,96,1,0,0
16.1,0,1,0,0,0,0,1,0,0,0,0,18,0,1,0
16.98,1,0,0,0,0,0,1,0,0,0,0,30,0,1,0
12.95,1,1,0,0,0,1,0,0,0,0,0,14,0,1,0
11.69,1,1,1,0,0,0,0,0,0,0,0,96,1,0,0
12.13,0,1,1,0,0,0,0,0,0,0,0,29,1,0,0
12.32,0,1,1,0,0,0,0,0,0,0,0,132,0,1,0
12.13,0,1,0,0,0,0,0,0,0,0,1,10,1,0,0
12.18,1,0,0,0,0,0,1,0,0,0,0,16,1,0,0
14.99,0,1,0,0,0,1,0,0,0,0,0,68,0,1,0
6.74,1,1,0,0,0,1,0,0,0,0,0,132,1,0,0
24.3,0,1,0,1,0,0,0,0,0,0,0,6,0,0,1
10.38,0,1,1,0,0,0,0,0,0,0,0,219,1,0,0
6.79,1,1,0,1,0,0,0,0,0,0,0,59,1,0,0
25.27,0,1,0,1,0,0,0,0,0,0,0,55,0,0,1
14.99,0,1,0,0,0,1,0,0,0,0,0,12,0,1,0
29.05,1,1,0,1,0,0,0,0,0,0,0,55,0,0,1
9.65,0,1,0,0,0,0,1,0,0,0,0,44,1,0,0
29.2,0,1,0,0,0,1,0,0,0,0,0,132,0,0,1
5.77,1,0,0,0,0,0,1,0,0,0,0,42,1,0,0
32.93,0,0,0,1,0,0,0,0,0,0,0,6,0,0,1
12.13,1,1,0,0,0,0,0,0,0,0,1,9,1,0,0
12.08,0,1,1,0,0,0,0,0,0,0,0,27,1,0,0
11.59,0,0,1,0,0,0,0,0,0,0,0,96,1,0,0
9.56,1,1,0,0,0,0,1,0,0,0,0,49,1,0,0
24.2,1,1,0,0,0,0,0,0,0,0,1,2,0,0,1
29.34,0,0,0,0,0,0,1,0,0,0,0,16,0,0,1
11.16,1,0,0,0,0,1,0,0,0,0,0,132,1,0,0
24.25,0,0,1,0,0,0,0,0,0,0,0,219,0,0,1
29.2,0,1,0,0,0,0,1,0,0,0,0,119,0,0,1
14.07,0,1,1,0,0,0,0,0,0,0,0,219,0,1,0
19.35,1,1,0,0,0,1,0,0,0,0,0,68,0,1,0
16.1,1,1,0,1,0,0,0,0,0,0,0,55,0,1,0
22.8,0,1,1,0,0,0,0,0,0,0,0,219,0,0,1
15.23,0,1,0,0,0,0,1,0,0,0,0,44,0,1,0
33.03,0,1,1,0,0,0,0,0,0,0,0,29,0,0,1
12.95,0,1,1,0,0,0,0,0,0,0,0,219,0,1,0
16.49,1,1,1,0,0,0,0,0,0,0,0,219,0,1,0
29.05,0,1,0,0,0,0,1,0,0,0,0,5,0,0,1
31.33,0,1,0,1,0,0,0,0,0,0,0,59,0,0,1
16.01,0,1,0,0,0,0,1,0,0,0,0,49,0,1,0
14.07,1,1,0,0,1,0,0,0,0,0,0,27,0,1,0
8.83,0,0,0,0,0,0,1,0,0,0,0,37,1,0,0
33.03,0,1,0,0,1,0,0,0,0,0,0,16,0,0,1
16.25,0,0,1,0,0,0,0,0,0,0,0,219,0,1,0
22.36,1,1,0,0,0,1,0,0,0,0,0,132,0,0,1
16.83,1,1,0,0,1,0,0,0,0,0,0,16,0,1,0
8.0,1,0,0,0,0,1,0,0,0,0,0,37,1,0,0
16.01,0,1,0,0,0,0,1,0,0,0,0,119,0,1,0
16.01,1,0,0,1,0,0,0,0,0,0,0,59,0,1,0
10.24,0,0,1,0,0,0,0,0,0,0,0,4,1,0,0
19.4,1,0,0,0,0,1,0,0,0,0,0,12,0,0,1
19.35,1,1,0,0,0,0,0,0,0,0,1,4,0,1,0
13.97,1,1,0,0,0,0,0,1,0,0,0,6,0,1,0
13.0,0,1,0,0,0,0,0,0,0,1,0,18,0,1,0
13.05,0,1,1,0,0,0,0,0,0,0,0,29,0,1,0
8.49,0,1,0,1,0,0,0,0,0,0,0,59,1,0,0
22.8,1,0,0,0,0,1,0,0,0,0,0,68,0,0,1
20.18,1,1,0,0,0,0,0,1,0,0,0,6,0,0,1
19.59,1,1,0,1,0,0,0,0,0,0,0,59,0,0,1
19.4,1,1,1,0,0,0,0,0,0,0,0,4,0,0,1
17.03,0,0,0,0,0,1,0,0,0,0,0,132,0,1,0
16.11,1,1,0,0,0,0,0,0,0,0,1,3,0,1,0
14.6,0,0,0,0,0,1,0,0,0,0,0,1,0,1,0
12.27,0,0,0,0,0,0,1,0,0,0,0,49,0,1,0
22.26,0,1,0,0,1,0,0,0,0,0,0,4,0,0,1
6.79,0,1,0,0,0,1,0,0,0,0,0,132,1,0,0
14.12,1,1,0,1,0,0,0,0,0,0,0,46,0,1,0
29.15,1,1,0,0,0,1,0,0,0,0,0,132,0,0,1
12.18,0,0,0,1,0,0,0,0,0,0,0,3,1,0,0
25.22,1,1,0,0,0,0,0,0,1,0,0,23,0,0,1
13.39,0,1,1,0,0,0,0,0,0,0,0,219,0,1,0
9.02,1,1,1,0,0,0,0,0,0,0,0,96,1,0,0
29.15,0,1,0,0,0,0,1,0,0,0,0,16,0,0,1
13.0,1,0,0,0,0,0,1,0,0,0,0,5,0,1,0
15.33,1,0,1,0,0,0,0,0,0,0,0,96,0,1,0
14.55,1,1,0,0,0,0,1,0,0,0,0,18,0,1,0
31.43,0,1,0,0,0,0,1,0,0,0,0,30,0,0,1
33.03,1,1,1,0,0,0,0,0,0,0,0,29,0,0,1
15.91,1,1,0,0,0,1,0,0,0,0,0,2,0,1,0
12.18,1,1,0,0,0,0,1,0,0,0,0,30,1,0,0
19.35,0,0,1,0,0,0,0,0,0,0,0,219,0,1,0
19.35,0,1,0,1,0,0,0,0,0,0,0,59,0,1,0
29.35,1,1,0,0,0,0,0,0,0,0,1,14,0,0,1
15.28,1,0,1,0,0,0,0,0,0,0,0,219,0,1,0
12.23,0,0,0,0,0,1,0,0,0,0,0,7,0,1,0
9.6,1,0,1,0,0,0,0,0,0,0,0,219,1,0,0
12.95,0,1,0,1,0,0,0,0,0,0,0,46,0,1,0
8.88,1,1,1,0,0,0,0,0,0,0,0,219,1,0,0
15.96,0,1,1,0,0,0,0,0,0,0,0,219,0,1,0
15.47,1,1,0,0,0,0,0,1,0,0,0,25,0,1,0
12.23,1,1,1,0,0,0,0,0,0,0,0,29,0,1,0
8.05,1,0,1,0,0,0,0,0,0,0,0,219,1,0,0
8.54,1,0,0,0,0,0,1,0,0,0,0,30,1,0,0
29.15,1,0,0,0,0,0,1,0,0,0,0,42,0,0,1
7.23,1,1,0,1,0,0,0,0,0,0,0,46,1,0,0
19.69,0,1,0,0,0,0,0,0,0,0,1,6,0,0,1
12.13,0,1,0,0,0,1,0,0,0,0,0,68,1,0,0
16.49,0,0,1,0,0,0,0,0,0,0,0,27,0,1,0
12.08,0,1,0,0,0,0,0,0,1,0,0,5,1,0,0
9.27,0,1,1,0,0,0,0,0,0,0,0,5,1,0,0
24.25,1,1,0,1,0,0,0,0,0,0,0,46,0,0,1
5.67,1,0,0,1,0,0,0,0,0,0,0,46,1,0,0
14.12,0,1,0,0,0,0,1,0,0,0,0,44,0,1,0
33.03,0,0,0,1,0,0,0,0,0,0,0,46,0,0,1
8.97,1,1,0,1,0,0,0,0,0,0,0,46,1,0,0
8.88,1,0,0,0,1,0,0,0,0,0,0,4,1,0,0
12.13,1,0,0,0,0,0,1,0,0,0,0,29,1,0,0
11.64,0,1,1,0,0,0,0,0,0,0,0,5,1,0,0
31.43,1,1,0,0,0,0,1,0,0,0,0,37,0,0,1
13.15,1,1,0,0,0,0,1,0,0,0,0,44,0,1,0
14.02,1,1,1,0,0,0,0,0,0,0,0,96,0,1,0
9.41,0,1,1,0,0,0,0,0,0,0,0,7,1,0,0
9.07,0,1,0,0,0,1,0,0,0,0,0,14,1,0,0
14.07,1,1,0,0,0,1,0,0,0,0,0,37,0,1,0
14.46,0,1,1,0,0,0,0,0,0,0,0,12,0,1,0
6.7,1,1,0,1,0,0,0,0,0,0,0,13,1,0,0
14.07,1,0,0,0,0,0,1,0,0,0,0,29,0,1,0
19.45,1,1,0,0,1,0,0,0,0,0,0,27,0,0,1
13.97,0,0,0,0,0,0,0,0,1,0,0,16,0,1,0
12.22,1,1,0,0,0,0,1,0,0,0,0,37,0,1,0
29.25,1,1,0,0,1,0,0,0,0,0,0,2,0,0,1
17.03,0,1,1,0,0,0,0,0,0,0,0,9,0,1,0
16.05,1,0,0,0,0,0,1,0,0,0,0,1,0,1,0
17.08,1,1,0,0,0,0,1,0,0,0,0,18,0,1,0
11.3,0,0,0,0,0,0,1,0,0,0,0,119,1,0,0
32.98,1,1,1,0,0,0,0,0,0,0,0,5,0,0,1
29.15,1,1,0,0,0,0,0,0,0,0,1,14,0,0,1
13.0,1,0,0,0,0,1,0,0,0,0,0,132,0,1,0
13.73,0,1,0,0,0,1,0,0,0,0,0,7,0,1,0
12.23,0,1,0,1,0,0,0,0,0,0,0,46,0,1,0
16.25,0,1,1,0,0,0,0,0,0,0,0,27,0,1,0
24.2,0,1,0,0,0,1,0,0,0,0,0,2,0,0,1
14.31,0,1,0,0,0,1,0,0,0,0,0,132,0,1,0
19.4,0,1,0,0,0,0,1,0,0,0,0,44,0,0,1
14.12,0,0,1,0,0,0,0,0,0,0,0,219,0,1,0
14.7,0,1,0,0,0,0,1,0,0,0,0,7,0,1,0
15.52,0,1,0,0,0,0,0,0,0,0,1,10,0,1,0
8.97,1,1,0,0,0,0,1,0,0,0,0,6,1,0,0
29.2,0,0,0,1,0,0,0,0,0,0,0,13,0,0,1
11.64,0,1,0,1,0,0,0,0,0,0,0,59,1,0,0
11.64,1,1,0,0,0,0,1,0,0,0,0,1,1,0,0
19.4,1,1,1,0,0,0,0,0,0,0,0,7,0,0,1
29.1,0,0,0,0,0,1,0,0,0,0,0,2,0,0,1
14.02,1,0,0,0,0,0,1,0,0,0,0,30,0,1,0
6.11,1,1,1,0,0,0,0,0,0,0,0,15,1,0,0
12.23,1,1,1,0,0,0,0,0,0,0,0,96,0,1,0
12.18,0,1,1,0,0,0,0,0,0,0,0,96,1,0,0
24.2,1,1,0,0,0,1,0,0,0,0,0,132,0,0,1
12.18,0,1,0,0,0,1,0,0,0,0,0,132,1,0,0
17.03,0,1,0,0,1,0,0,0,0,0,0,4,0,1,0
22.26,1,0,0,0,0,1,0,0,0,0,0,132,0,0,1
19.45,1,0,0,0,0,1,0,0,0,0,0,132,0,0,1
21.93,0,0,0,0,0,0,0,0,0,0,1,4,0,0,1
15.76,1,1,1,0,0,0,0,0,0,0,0,219,0,1,0
9.46,1,0,0,0,0,0,0,0,0,1,0,18,1,0,0
12.61,1,0,0,0,0,0,1,0,0,0,0,5,0,1,0
22.85,0,1,1,0,0,0,0,0,0,0,0,4,0,0,1
12.18,0,1,1,0,0,0,0,0,0,0,0,15,1,0,0
12.61,0,0,0,1,0,0,0,0,0,0,0,59,0,1,0
12.13,1,1,0,0,0,1,0,0,0,0,0,12,1,0,0
12.13,0,1,0,1,0,0,0,0,0,0,0,55,1,0,0
8.54,1,0,0,0,0,1,0,0,0,0,0,132,1,0,0
19.35,0,0,0,0,0,0,1,0,0,0,0,30,0,1,0
12.18,0,1,1,0,0,0,0,0,0,0,0,18,1,0,0
22.8,0,1,0,0,0,1,0,0,0,0,0,68,0,0,1
12.13,1,1,1,0,0,0,0,0,0,0,0,219,1,0,0
19.45,1,0,0,0,0,0,1,0,0,0,0,44,0,0,1
12.13,0,1,0,1,0,0,0,0,0,0,0,55,1,0,0
12.18,0,1,0,0,0,0,1,0,0,0,0,44,1,0,0
12.13,1,1,0,0,0,0,1,0,0,0,0,30,1,0,0
12.56,0,1,1,0,0,0,0,0,0,0,0,27,0,1,0
24.3,0,1,0,0,0,0,1,0,0,0,0,49,0,0,1
29.15,1,0,0,0,0,0,0,0,0,0,1,10,0,0,1
16.06,1,1,1,0,0,0,0,0,0,0,0,219,0,1,0
24.3,1,1,0,1,0,0,0,0,0,0,0,59,0,0,1
9.6,0,1,0,0,0,0,0,0,1,0,0,23,1,0,0
19.4,0,1,0,0,0,1,0,0,0,0,0,132,0,0,1
29.1,1,1,1,0,0,0,0,0,0,0,0,96,0,0,1
12.18,0,1,0,1,0,0,0,0,0,0,0,9,1,0,0
21.39,1,1,0,1,0,0,0,0,0,0,0,59,0,0,1
24.25,0,1,1,0,0,0,0,0,0,0,0,3,0,0,1
32.93,0,1,0,1,0,0,0,0,0,0,0,55,0,0,1
14.07,0,0,0,1,0,0,0,0,0,0,0,55,0,1,0
8.25,0,1,0,0,0,0,0,0,0,0,1,1,1,0,0
19.4,1,0,1,0,0,0,0,0,0,0,0,18,0,0,1
12.18,1,1,1,0,0,0,0,0,0,0,0,219,1,0,0
14.94,1,1,0,0,0,1,0,0,0,0,0,132,0,1,0
14.26,0,1,0,1,0,0,0,0,0,0,0,59,0,1,0
8.54,0,1,1,0,0,0,0,0,0,0,0,3,1,0,0
12.18,0,1,0,0,0,1,0,0,0,0,0,132,1,0,0
29.1,1,1,0,0,0,1,0,0,0,0,0,37,0,0,1
12.56,1,1,0,0,0,1,0,0,0,0,0,37,0,1,0
9.17,0,1,0,0,0,0,1,0,0,0,0,119,1,0,0
16.2,1,1,1,0,0,0,0,0,0,0,0,6,0,1,0
14.12,1,0,1,0,0,0,0,0,0,0,0,29,0,1,0
5.72,0,1,0,0,1,0,0,0,0,0,0,2,1,0,0
21.34,0,1,1,0,0,0,0,0,0,0,0,96,0,0,1
6.79,0,1,1,0,0,0,0,0,0,0,0,219,1,0,0
12.18,1,1,1,0,0,0,0,0,0,0,0,96,1,0,0
12.18,0,1,1,0,0,0,0,0,0,0,0,27,1,0,0
6.11,1,1,0,0,0,0,0,0,1,0,0,8,1,0,0
14.16,0,0,0,0,0,0,0,0,1,0,0,23,0,1,0
5.68,0,1,1,0,0,0,0,0,0,0,0,219,1,0,0
12.27,1,0,0,0,0,1,0,0,0,0,0,3,0,1,0
20.18,1,1,0,0,0,1,0,0,0,0,0,132,0,0,1
14.02,1,1,1,0,0,0,0,0,0,0,0,219,0,1,0
16.2,1,0,0,0,0,0,1,0,0,0,0,44,0,1,0
15.57,0,1,1,0,0,0,0,0,0,0,0,3,0,1,0
14.45,0,1,0,0,0,0,0,0,1,0,0,5,0,1,0
8.15,0,1,1,0,0,0,0,0,0,0,0,219,1,0,0
29.25,0,1,1,0,0,0,0,0,0,0,0,132,0,0,1
8.78,0,1,0,0,0,1,0,0,0,0,0,68,1,0,0
15.96,1,1,0,0,0,0,1,0,0,0,0,16,0,1,0
8.59,1,0,0,0,1,0,0,0,0,0,0,27,1,0,0
15.62,1,0,1,0,0,0,0,0,0,0,0,15,0,1,0
13.0,1,0,0,0,0,0,0,0,1,0,0,4,0,1,0
12.23,1,1,0,1,0,0,0,0,0,0,0,55,0,1,0
25.22,0,0,0,0,0,0,0,0,1,0,0,16,0,0,1
5.87,1,1,0,0,0,0,1,0,0,0,0,44,1,0,0
24.2,1,1,0,0,0,0,0,0,0,0,1,14,0,0,1
19.45,1,0,1,0,0,0,0,0,0,0,0,219,0,0,1
12.18,0,1,1,0,0,0,0,0,0,0,0,219,1,0,0
6.01,0,1,1,0,0,0,0,0,0,0,0,6,1,0,0
21.93,0,1,0,1,0,0,0,0,0,0,0,46,0,0,1
5.92,0,1,0,0,0,1,0,0,0,0,0,68,1,0,0
24.2,1,1,0,0,0,0,0,0,0,1,0,18,0,0,1
15.76,0,1,0,0,0,0,1,0,0,0,0,119,0,1,0
6.11,1,1,0,0,0,0,1,0,0,0,0,11,1,0,0
5.72,0,1,0,1,0,0,0,0,0,0,0,9,1,0,0
19.4,0,1,1,0,0,0,0,0,0,0,0,219,0,0,1
8.49,0,0,1,0,0,0,0,0,0,0,0,219,1,0,0
32.93,0,1,1,0,0,0,0,0,0,0,0,219,0,0,1
12.23,0,1,1,0,0,0,0,0,0,0,0,219,0,1,0
9.17,0,1,0,0,0,1,0,0,0,0,0,14,1,0,0
11.69,0,1,0,0,0,1,0,0,0,0,0,132,1,0,0
24.2,0,1,0,0,0,1,0,0,0,0,0,7,0,0,1
9.85,0,1,0,0,0,0,1,0,0,0,0,24,1,0,0
25.22,0,0,0,1,0,0,0,0,0,0,0,13,0,0,1
22.75,1,1,1,0,0,0,0,0,0,0,0,3,0,0,1
6.84,1,1,0,0,0,0,1,0,0,0,0,119,1,0,0
24.3,1,1,0,0,0,0,1,0,0,0,0,119,0,0,1
19.35,1,1,0,0,0,0,1,0,0,0,0,30,0,1,0
12.13,0,0,1,0,0,0,0,0,0,0,0,219,1,0,0
9.02,1,0,1,0,0,0,0,0,0,0,0,12,1,0,0
12.18,0,1,0,1,0,0,0,0,0,0,0,55,1,0,0
9.17,0,1,0,0,0,0,0,0,0,1,0,18,1,0,0
19.4,0,1,0,0,0,0,0,1,0,0,0,5,0,0,1
6.69,0,0,0,0,0,0,0,0,0,0,1,3,1,0,0
5.82,0,1,0,0,0,0,1,0,0,0,0,119,1,0,0
12.08,0,1,1,0,0,0,0,0,0,0,0,7,1,0,0
15.76,1,1,1,0,0,0,0,0,0,0,0,219,0,1,0
33.03,1,1,1,0,0,0,0,0,0,0,0,96,0,0,1
24.25,1,1,0,0,0,0,1,0,0,0,0,119,0,0,1
12.13,0,1,1,0,0,0,0,0,0,0,0,219,1,0,0
5.72,0,1,1,0,0,0,0,0,0,0,0,7,1,0,0
7.96,1,1,0,0,0,0,0,0,0,0,1,2,1,0,0
14.02,1,1,0,0,0,0,1,0,0,0,0,1,0,1,0
14.07,1,1,0,0,1,0,0,0,0,0,0,16,0,1,0
21.83,1,1,0,1,0,0,0,0,0,0,0,6,0,0,1
29.15,0,1,0,0,0,0,0,0,0,0,1,14,0,0,1
22.26,1,1,1,0,0,0,0,0,0,0,0,219,0,0,1
5.82,0,1,0,0,0,0,1,0,0,0,0,18,1,0,0
29.1,0,1,1,0,0,0,0,0,0,0,0,96,0,0,1
13.39,0,1,1,0,0,0,0,0,0,0,0,18,0,1,0
9.7,1,1,0,0,0,0,1,0,0,0,0,42,1,0,0
22.36,0,1,0,0,0,0,0,0,1,0,0,8,0,0,1
12.13,1,0,0,0,0,1,0,0,0,0,0,132,1,0,0
6.07,1,1,1,0,0,0,0,0,0,0,0,27,1,0,0
24.3,1,1,1,0,0,0,0,0,0,0,0,96,0,0,1
8.78,1,1,0,0,0,0,1,0,0,0,0,18,1,0,0
24.25,0,0,0,0,0,1,0,0,0,0,0,14,0,0,1
20.18,0,0,0,1,0,0,0,0,0,0,0,59,0,0,1
4.85,1,1,0,0,0,0,0,0,1,0,0,16,1,0,0
6.06,0,1,0,1,0,0,0,0,0,0,0,59,1,0,0
6.84,0,1,1,0,0,0,0,0,0,0,0,7,1,0,0
13.05,1,1,0,0,0,0,1,0,0,0,0,2,0,1,0
5.92,0,0,0,1,0,0,0,0,0,0,0,9,1,0,0
12.13,1,0,1,0,0,0,0,0,0,0,0,219,1,0,0
12.18,1,0,1,0,0,0,0,0,0,0,0,219,1,0,0
29.15,0,1,1,0,0,0,0,0,0,0,0,29,0,0,1
8.1,0,1,1,0,0,0,0,0,0,0,0,96,1,0,0
7.23,0,1,1,0,0,0,0,0,0,0,0,219,1,0,0
12.66,0,1,0,0,0,0,0,0,0,0,1,9,0,1,0
12.23,1,1,0,0,0,1,0,0,0,0,0,132,0,1,0
9.07,1,0,1,0,0,0,0,0,0,0,0,219,1,0,0
6.02,0,0,0,0,0,0,0,0,0,1,0,18,1,0,0
14.12,1,1,1,0,0,0,0,0,0,0,0,29,0,1,0
21.93,1,1,1,0,0,0,0,0,0,0,0,11,0,0,1
16.15,1,1,0,0,0,0,0,1,0,0,0,25,0,1,0
7.08,1,1,1,0,0,0,0,0,0,0,0,219,1,0,0
32.93,0,0,0,0,0,0,1,0,0,0,0,30,0,0,1
12.13,0,1,1,0,0,0,0,0,0,0,0,96,1,0,0
15.57,1,1,1,0,0,0,0,0,0,0,0,12,0,1,0
29.15,1,1,0,0,0,1,0,0,0,0,0,132,0,0,1
15.47,1,0,1,0,0,0,0,0,0,0,0,12,0,1,0
12.37,1,1,1,0,0,0,0,0,0,0,0,12,0,1,0
16.49,0,0,0,0,1,0,0,0,0,0,0,27,0,1,0
24.3,1,0,1,0,0,0,0,0,0,0,0,96,0,0,1
14.84,0,1,0,0,0,1,0,0,0,0,0,132,0,1,0
25.27,0,1,0,0,0,0,1,0,0,0,0,18,0,0,1
17.08,1,0,0,0,0,1,0,0,0,0,0,132,0,1,0
22.31,1,0,1,0,0,0,0,0,0,0,0,96,0,0,1
12.08,1,0,0,0,0,0,0,0,1,0,0,8,1,0,0
12.61,1,1,0,1,0,0,0,0,0,0,0,59,0,1,0
13.1,1,0,0,0,0,0,1,0,0,0,0,29,0,1,0
12.13,1,1,0,1,0,0,0,0,0,0,0,55,1,0,0
8.25,0,1,1,0,0,0,0,0,0,0,0,219,1,0,0
16.39,0,1,0,0,0,0,1,0,0,0,0,44,0,1,0
14.75,0,1,0,1,0,0,0,0,0,0,0,46,0,1,0
12.66,1,1,1,0,0,0,0,0,0,0,0,15,0,1,0
9.07,0,1,0,0,0,0,0,1,0,0,0,7,1,0,0
16.15,1,1,0,0,0,0,0,0,0,1,0,3,0,1,0
29.29,1,0,0,0,0,0,1,0,0,0,0,42,0,0,1
20.47,0,0,1,0,0,0,0,0,0,0,0,9,0,0,1
11.59,0,1,0,0,0,1,0,0,0,0,0,2,1,0,0
24.35,0,0,0,0,1,0,0,0,0,0,0,16,0,0,1
16.44,1,1,0,0,0,0,1,0,0,0,0,37,0,1,0
5.92,0,0,1,0,0,0,0,0,0,0,0,15,1,0,0
14.12,0,1,0,0,0,1,0,0,0,0,0,132,0,1,0
5.92,1,0,1,0,0,0,0,0,0,0,0,12,1,0,0
13.0,0,1,1,0,0,0,0,0,0,0,0,96,0,1,0
21.83,1,1,0,0,0,1,0,0,0,0,0,132,0,0,1
16.15,0,1,0,0,0,1,0,0,0,0,0,12,0,1,0
12.23,0,0,0,0,0,1,0,0,0,0,0,132,0,1,0
24.3,0,0,0,0,0,0,0,0,1,0,0,23,0,0,1
29.05,0,1,0,0,0,0,0,0,0,1,0,18,0,0,1
15.76,0,1,1,0,0,0,0,0,0,0,0,219,0,1,0
8.1,1,1,0,0,0,0,1,0,0,0,0,49,1,0,0
12.18,1,1,0,0,0,0,1,0,0,0,0,119,1,0,0
25.17,1,1,0,0,0,0,0,0,0,1,0,18,0,0,1
20.23,0,1,1,0,0,0,0,0,0,0,0,219,0,0,1
9.12,1,0,0,0,1,0,0,0,0,0,0,5,1,0,0
12.18,0,0,0,0,0,0,1,0,0,0,0,49,1,0,0
20.23,0,0,1,0,0,0,0,0,0,0,0,15,0,0,1
24.25,1,1,0,0,0,0,1,0,0,0,0,29,0,0,1
16.2,0,1,1,0,0,0,0,0,0,0,0,96,0,1,0
9.12,0,0,1,0,0,0,0,0,0,0,0,11,1,0,0
9.75,0,1,1,0,0,0,0,0,0,0,0,3,1,0,0
31.38,1,1,0,0,0,0,1,0,0,0,0,4,0,0,1
24.3,1,1,1,0,0,0,0,0,0,0,0,96,0,0,1
19.35,1,1,0,0,0,1,0,0,0,0,0,132,0,1,0
14.16,0,1,0,1,0,0,0,0,0,0,0,46,0,1,0
9.26,1,1,0,0,1,0,0,0,0,0,0,4,1,0,0
32.98,1,1,0,0,0,0,1,0,0,0,0,16,0,0,1
12.18,1,1,0,0,0,0,1,0,0,0,0,44,1,0,0
9.55,1,1,0,0,0,0,1,0,0,0,0,24,1,0,0
6.74,0,1,0,0,0,0,0,0,0,0,1,2,1,0,0
14.07,1,1,0,0,0,0,0,0,1,0,0,16,0,1,0
14.02,0,1,0,1,0,0,0,0,0,0,0,55,0,1,0
5.92,0,0,0,0,0,0,0,0,1,0,0,13,1,0,0
12.46,1,1,0,0,0,0,1,0,0,0,0,42,0,1,0
29.2,1,1,0,0,0,0,1,0,0,0,0,24,0,0,1
15.76,0,0,0,0,0,0,1,0,0,0,0,42,0,1,0
9.22,1,0,0,0,0,0,0,0,0,1,0,1,1,0,0
8.88,0,1,0,0,0,1,0,0,0,0,0,14,1,0,0
13.92,0,1,1,0,0,0,0,0,0,0,0,3,0,1,0
29.34,1,1,0,1,0,0,0,0,0,0,0,55,0,0,1
22.36,0,1,0,0,0,0,1,0,0,0,0,5,0,0,1
5.77,0,1,0,0,0,0,1,0,0,0,0,7,1,0,0
12.13,1,1,0,0,0,1,0,0,0,0,0,14,1,0,0
6.69,1,1,1,0,0,0,0,0,0,0,0,132,1,0,0
15.57,1,1,0,0,0,0,0,0,1,0,0,23,0,1,0
4.66,0,1,0,0,0,0,1,0,0,0,0,4,1,0,0
19.35,1,1,0,1,0,0,0,0,0,0,0,59,0,1,0
8.78,1,0,0,0,0,1,0,0,0,0,0,132,1,0,0
9.17,0,1,0,0,0,0,1,0,0,0,0,119,1,0,0
29.1,0,1,1,0,0,0,0,0,0,0,0,219,0,0,1
5.77,1,1,0,1,0,0,0,0,0,0,0,55,1,0,0
24.25,0,1,0,0,0,1,0,0,0,0,0,1,0,0,1
9.41,1,0,0,0,0,1,0,0,0,0,0,132,1,0,0
29.15,0,1,0,1,0,0,0,0,0,0,0,46,0,0,1
15.57,1,1,0,0,0,1,0,0,0,0,0,7,0,1,0
11.59,1,1,0,0,0,0,1,0,0,0,0,42,1,0,0
16.3,0,1,0,0,0,1,0,0,0,0,0,68,0,1,0
12.18,1,0,0,0,0,0,0,1,0,0,0,7,1,0,0
12.08,0,0,0,1,0,0,0,0,0,0,0,55,1,0,0
17.03,1,1,0,0,1,0,0,0,0,0,0,16,0,1,0
8.54,0,0,0,0,0,0,1,0,0,0,0,3,1,0,0
6.74,0,1,0,0,0,0,1,0,0,0,0,42,1,0,0
32.93,1,1,0,0,0,0,1,0,0,0,0,1,0,0,1
12.18,0,0,0,0,0,0,1,0,0,0,0,119,1,0,0
12.23,0,1,0,0,0,0,1,0,0,0,0,119,0,1,0
14.94,0,0,1,0,0,0,0,0,0,0,0,219,0,1,0
12.95,1,0,1,0,0,0,0,0,0,0,0,219,0,1,0
25.17,1,0,0,0,0,0,0,1,0,0,0,25,0,0,1
13.87,0,1,0,0,0,0,1,0,0,0,0,119,0,1,0
24.3,1,1,1,0,0,0,0,0,0,0,0,219,0,0,1
14.16,1,1,0,1,0,0,0,0,0,0,0,1,0,1,0
25.17,0,1,1,0,0,0,0,0,0,0,0,18,0,0,1
31.43,1,1,1,0,0,0,0,0,0,0,0,219,0,0,1
13.0,0,1,1,0,0,0,0,0,0,0,0,219,0,1,0
24.2,0,1,1,0,0,0,0,0,0,0,0,96,0,0,1
12.66,1,1,1,0,0,0,0,0,0,0,0,219,0,1,0
6.84,0,0,0,0,0,0,1,0,0,0,0,30,1,0,0
15.86,0,1,0,0,0,0,0,0,0,0,1,1,0,1,0
9.75,1,0,0,0,0,0,0,0,1,0,0,16,1,0,0
7.61,0,1,0,0,0,1,0,0,0,0,0,3,1,0,0
29.05,0,1,0,0,0,0,1,0,0,0,0,37,0,0,1
22.31,0,1,0,0,0,0,0,0,0,0,1,3,0,0,1
15.72,1,1,1,0,0,0,0,0,0,0,0,3,0,1,0
25.22,0,1,0,0,0,0,1,0,0,0,0,49,0,0,1
24.3,1,1,0,1,0,0,0,0,0,0,0,9,0,0,1
8.35,1,1,1,0,0,0,0,0,0,0,0,15,1,0,0
22.85,1,1,0,0,0,0,1,0,0,0,0,30,0,0,1
29.15,0,1,0,0,0,1,0,0,0,0,0,2,0,0,1
19.35,1,0,0,0,0,0,1,0,0,0,0,44,0,1,0
32.93,0,1,0,0,0,0,0,1,0,0,0,25,0,0,1
14.21,0,1,0,0,0,0,1,0,0,0,0,30,0,1,0
15.86,1,0,0,0,0,0,1,0,0,0,0,7,0,1,0
15.28,1,1,0,0,0,0,1,0,0,0,0,49,0,1,0
12.13,1,1,0,0,0,1,0,0,0,0,0,132,1,0,0
22.36,1,1,0,0,0,1,0,0,0,0,0,132,0,0,1
5.68,0,1,1,0,0,0,0,0,0,0,0,219,1,0,0
29.15,1,1,0,0,0,0,1,0,0,0,0,24,0,0,1
22.8,1,1,1,0,0,0,0,0,0,0,0,7,0,0,1
19.45,1,1,0,0,0,1,0,0,0,0,0,132,0,0,1
15.52,1,1,0,1,0,0,0,0,0,0,0,9,0,1,0
25.27,0,1,0,0,0,0,1,0,0,0,0,119,0,0,1
32.93,1,1,0,0,0,1,0,0,0,0,0,132,0,0,1
24.2,0,1,1,0,0,0,0,0,0,0,0,12,0,0,1
24.2,1,1,0,0,0,1,0,0,0,0,0,37,0,0,1
14.65,0,0,1,0,0,0,0,0,0,0,0,219,0,1,0
12.08,0,1,1,0,0,0,0,0,0,0,0,219,1,0,0
5.77,0,1,0,0,0,1,0,0,0,0,0,37,1,0,0
4.71,0,1,1,0,0,0,0,0,0,0,0,15,1,0,0
8.78,0,1,1,0,0,0,0,0,0,0,0,96,1,0,0
12.23,0,1,0,0,0,0,1,0,0,0,0,29,0,1,0
12.23,1,1,0,1,0,0,0,0,0,0,0,59,0,1,0
29.15,1,0,1,0,0,0,0,0,0,0,0,96,0,0,1
13.1,0,1,1,0,0,0,0,0,0,0,0,12,0,1,0
22.26,1,1,0,0,0,0,0,0,1,0,0,23,0,0,1
12.56,0,0,0,0,0,1,0,0,0,0,0,68,0,1,0
13.05,0,1,0,0,0,0,1,0,0,0,0,37,0,1,0
13.92,0,1,0,0,0,1,0,0,0,0,0,37,0,1,0
21.39,0,1,0,0,0,0,0,0,0,0,1,10,0,0,1
29.25,0,1,0,0,0,0,1,0,0,0,0,119,0,0,1
12.18,1,1,1,0,0,0,0,0,0,0,0,12,1,0,0
12.18,0,1,1,0,0,0,0,0,0,0,0,219,1,0,0
12.66,1,1,0,0,0,0,0,0,0,1,0,18,0,1,0
12.18,0,1,0,1,0,0,0,0,0,0,0,55,1,0,0
8.63,1,1,1,0,0,0,0,0,0,0,0,27,1,0,0
12.18,0,1,0,0,1,0,0,0,0,0,0,27,1,0,0
14.12,0,1,0,0,0,0,1,0,0,0,0,24,0,1,0
16.93,1,1,0,0,0,0,1,0,0,0,0,119,0,1,0
6.79,0,1,0,0,0,1,0,0,0,0,0,68,1,0,0
29.2,0,1,0,1,0,0,0,0,0,0,0,46,0,0,1
14.02,0,0,0,1,0,0,0,0,0,0,0,59,0,1,0
25.17,1,1,0,0,0,0,1,0,0,0,0,42,0,0,1
12.61,1,1,0,1,0,0,0,0,0,0,0,59,0,1,0
13.68,1,1,0,0,0,1,0,0,0,0,0,5,0,1,0
11.93,0,1,0,0,0,0,1,0,0,0,0,119,1,0,0
13.97,0,1,0,0,0,0,0,0,0,0,1,4,0,1,0
14.02,1,0,0,0,0,1,0,0,0,0,0,132,0,1,0
8.1,1,1,0,0,0,0,1,0,0,0,0,119,1,0,0
12.18,0,1,0,0,0,0,0,1,0,0,0,25,1,0,0
35.41,1,0,0,0,0,0,0,1,0,0,0,5,0,0,1
8.78,0,1,0,0,0,1,0,0,0,0,0,1,1,0,0
16.25,1,1,1,0,0,0,0,0,0,0,0,219,0,1,0
6.64,0,1,0,0,0,0,1,0,0,0,0,119,1,0,0
15.86,1,0,1,0,0,0,0,0,0,0,0,132,0,1,0
17.03,0,0,0,0,0,1,0,0,0,0,0,68,0,1,0
24.2,1,1,1,0,0,0,0,0,0,0,0,27,0,0,1
8.25,0,0,1,0,0,0,0,0,0,0,0,15,1,0,0
12.08,0,1,1,0,0,0,0,0,0,0,0,29,1,0,0
12.13,0,1,0,1,0,0,0,0,0,0,0,6,1,0,0
16.49,1,1,0,0,0,0,0,0,0,1,0,18,0,1,0
6.79,1,1,0,0,0,0,1,0,0,0,0,29,1,0,0
10.72,0,0,0,0,0,0,1,0,0,0,0,16,1,0,0
19.35,0,1,0,0,0,1,0,0,0,0,0,2,0,1,0
8.73,1,1,0,0,1,0,0,0,0,0,0,1,1,0,0
9.65,1,1,0,0,0,0,1,0,0,0,0,49,1,0,0
16.78,1,1,0,1,0,0,0,0,0,0,0,13,0,1,0
12.61,1,1,0,0,0,0,0,1,0,0,0,7,0,1,0
24.25,1,1,0,1,0,0,0,0,0,0,0,59,0,0,1
11.16,1,1,1,0,0,0,0,0,0,0,0,15,1,0,0
20.18,0,0,0,0,0,0,0,0,0,0,1,2,0,0,1
32.93,1,1,0,0,0,0,1,0,0,0,0,29,0,0,1
15.86,0,0,0,0,0,1,0,0,0,0,0,68,0,1,0
12.13,1,1,0,0,0,1,0,0,0,0,0,68,1,0,0
13.87,0,0,0,0,0,0,1,0,0,0,0,119,0,1,0
14.12,0,0,0,0,0,1,0,0,0,0,0,37,0,1,0
24.25,1,1,0,0,0,0,1,0,0,0,0,49,0,0,1
14.07,0,0,0,0,0,0,1,0,0,0,0,119,0,1,0
5.58,0,1,0,0,1,0,0,0,0,0,0,4,1,0,0
13.63,1,1,0,1,0,0,0,0,0,0,0,3,0,1,0
15.52,1,1,0,1,0,0,0,0,0,0,0,55,0,1,0
8.73,0,1,1,0,0,0,0,0,0,0,0,219,1,0,0
25.27,1,1,1,0,0,0,0,0,0,0,0,11,0,0,1
29.54,1,1,0,1,0,0,0,0,0,0,0,2,0,0,1
9.22,0,0,0,0,1,0,0,0,0,0,0,5,1,0,0
15.33,0,1,1,0,0,0,0,0,0,0,0,96,0,1,0
12.13,0,1,0,0,1,0,0,0,0,0,0,27,1,0,0
14.02,0,1,0,1,0,0,0,0,0,0,0,46,0,1,0
8.39,0,0,1,0,0,0,0,0,0,0,0,18,1,0,0
12.13,1,1,0,1,0,0,0,0,0,0,0,46,1,0,0
16.49,0,1,0,0,0,1,0,0,0,0,0,132,0,1,0
9.22,1,0,0,0,0,1,0,0,0,0,0,14,1,0,0
19.35,0,1,0,0,0,1,0,0,0,0,0,132,0,1,0
22.8,0,0,0,1,0,0,0,0,0,0,0,59,0,0,1
29.49,0,1,1,0,0,0,0,0,0,0,0,219,0,0,1
16.93,0,1,0,0,0,0,0,0,0,1,0,3,0,1,0
29.1,0,1,0,0,0,0,0,0,0,0,1,1,0,0,1
15.04,0,1,0,1,0,0,0,0,0,0,0,55,0,1,0
11.59,0,1,0,0,0,0,1,0,0,0,0,30,1,0,0
31.43,1,0,0,0,0,0,0,0,0,0,1,14,0,0,1
18.24,0,1,1,0,0,0,0,0,0,0,0,96,0,1,0
4.47,1,1,0,0,0,0,1,0,0,0,0,42,1,0,0
8.98,0,1,0,1,0,0,0,0,0,0,0,13,1,0,0
29.39,0,0,1,0,0,0,0,0,0,0,0,219,0,0,1
15.71,1,0,1,0,0,0,0,0,0,0,0,1,0,1,0
29.1,1,0,1,0,0,0,0,0,0,0,0,219,0,0,1
8.39,0,1,1,0,0,0,0,0,0,0,0,27,1,0,0
8.93,1,1,0,0,0,0,1,0,0,0,0,29,1,0,0
13.0,1,1,0,1,0,0,0,0,0,0,0,46,0,1,0
16.06,0,1,0,0,0,0,0,0,1,0,0,8,0,1,0
6.69,0,0,0,0,0,0,0,1,0,0,0,3,1,0,0
16.1,0,1,1,0,0,0,0,0,0,0,0,219,0,1,0
6.69,1,1,0,0,0,0,0,1,0,0,0,25,1,0,0
9.51,0,1,0,0,0,0,1,0,0,0,0,42,1,0,0
12.08,0,1,0,0,0,0,1,0,0,0,0,49,1,0,0
5.82,0,0,0,0,0,0,1,0,0,0,0,119,1,0,0
9.41,0,1,0,0,0,0,1,0,0,0,0,42,1,0,0
14.07,0,0,0,0,0,0,0,0,0,0,1,2,0,1,0
22.8,1,0,0,0,0,1,0,0,0,0,0,37,0,0,1
12.23,0,0,1,0,0,0,0,0,0,0,0,9,0,1,0
15.91,0,1,0,0,0,0,1,0,0,0,0,44,0,1,0
9.61,1,1,0,0,0,1,0,0,0,0,0,12,1,0,0
8.0,1,1,1,0,0,0,0,0,0,0,0,219,1,0,0
12.08,0,1,0,1,0,0,0,0,0,0,0,55,1,0,0
12.08,0,0,1,0,0,0,0,0,0,0,0,219,1,0,0
14.12,0,1,0,0,0,1,0,0,0,0,0,37,0,1,0
21.93,0,1,1,0,0,0,0,0,0,0,0,7,0,0,1
15.91,1,1,0,0,0,0,0,0,0,1,0,18,0,1,0
7.38,1,0,0,0,0,0,0,0,0,0,1,3,1,0,0
21.39,1,1,1,0,0,0,0,0,0,0,0,219,0,0,1
29.25,1,1,0,0,0,0,0,0,0,0,1,6,0,0,1
13.19,1,0,0,0,0,0,0,0,1,0,0,2,0,1,0
15.57,1,1,0,1,0,0,0,0,0,0,0,13,0,1,0
19.45,0,0,0,0,0,1,0,0,0,0,0,68,0,0,1
25.17,1,1,1,0,0,0,0,0,0,0,0,219,0,0,1
19.35,1,1,0,1,0,0,0,0,0,0,0,55,0,1,0
12.61,1,1,0,0,0,0,1,0,0,0,0,49,0,1,0
12.13,1,1,0,0,0,0,0,0,1,0,0,23,1,0,0
12.08,1,1,0,0,0,0,0,1,0,0,0,25,1,0,0
12.08,0,0,1,0,0,0,0,0,0,0,0,4,1,0,0
9.51,0,1,0,0,0,0,1,0,0,0,0,29,1,0,0
4.85,1,1,0,0,0,0,1,0,0,0,0,44,1,0,0
14.07,1,0,1,0,0,0,0,0,0,0,0,96,0,1,0
29.1,1,1,0,0,0,0,0,0,1,0,0,23,0,0,1
25.22,1,1,0,0,0,0,0,0,0,0,1,1,0,0,1
31.33,0,1,0,0,0,1,0,0,0,0,0,132,0,0,1
17.03,1,0,1,0,0,0,0,0,0,0,0,219,0,1,0
12.23,0,1,0,0,0,0,0,0,0,0,1,3,0,1,0
6.07,1,1,0,0,1,0,0,0,0,0,0,27,1,0,0
10.82,1,1,1,0,0,0,0,0,0,0,0,219,1,0,0
9.51,0,0,0,1,0,0,0,0,0,0,0,46,1,0,0
8.73,1,1,1,0,0,0,0,0,0,0,0,27,1,0,0
12.23,0,0,0,0,0,0,1,0,0,0,0,29,0,1,0
32.98,0,1,0,0,0,1,0,0,0,0,0,3,0,0,1
19.35,1,0,0,0,0,1,0,0,0,0,0,68,0,1,0
19.45,1,1,0,1,0,0,0,0,0,0,0,9,0,0,1
6.26,1,0,1,0,0,0,0,0,0,0,0,4,1,0,0
12.61,0,1,1,0,0,0,0,0,0,0,0,1,0,1,0
13.1,1,1,0,1,0,0,0,0,0,0,0,59,0,1,0
14.07,0,1,0,0,0,1,0,0,0,0,0,5,0,1,0
15.57,0,1,1,0,0,0,0,0,0,0,0,219,0,1,0
13.05,1,1,1,0,0,0,0,0,0,0,0,27,0,1,0
16.44,0,1,0,0,0,0,1,0,0,0,0,29,0,1,0
8.54,1,1,0,0,0,0,1,0,0,0,0,119,1,0,0
12.13,0,1,0,0,0,0,1,0,0,0,0,42,1,0,0
33.03,1,1,1,0,0,0,0,0,0,0,0,15,0,0,1
5.92,1,1,0,0,0,1,0,0,0,0,0,1,1,0,0
32.98,0,0,0,0,0,1,0,0,0,0,0,132,0,0,1
16.25,1,0,1,0,0,0,0,0,0,0,0,219,0,1,0
29.1,1,1,0,0,0,0,1,0,0,0,0,119,0,0,1
12.08,0,0,0,0,0,1,0,0,0,0,0,132,1,0,0
8.25,1,1,0,0,0,0,0,0,1,0,0,16,1,0,0
8.2,1,1,0,1,0,0,0,0,0,0,0,59,1,0,0
22.36,0,0,1,0,0,0,0,0,0,0,0,219,0,0,1
16.44,0,0,0,0,0,0,0,0,1,0,0,23,0,1,0
24.3,1,1,0,0,0,0,1,0,0,0,0,4,0,0,1
8.63,1,0,0,0,0,1,0,0,0,0,0,132,1,0,0
9.02,0,1,0,0,0,0,1,0,0,0,0,30,1,0,0
12.08,1,1,0,0,0,0,1,0,0,0,0,119,1,0,0
15.76,0,1,0,0,0,0,1,0,0,0,0,49,0,1,0
21.88,1,1,1,0,0,0,0,0,0,0,0,12,0,0,1
5.77,0,1,0,0,0,0,0,1,0,0,0,6,1,0,0
32.98,0,1,1,0,0,0,0,0,0,0,0,219,0,0,1
29.1,0,0,0,1,0,0,0,0,0,0,0,55,0,0,1
14.12,1,1,1,0,0,0,0,0,0,0,0,29,0,1,0
11.59,0,1,0,0,0,0,1,0,0,0,0,119,1,0,0
9.75,1,0,1,0,0,0,0,0,0,0,0,96,1,0,0
12.18,0,1,1,0,0,0,0,0,0,0,0,29,1,0,0
15.57,1,1,0,0,0,0,0,0,1,0,0,13,0,1,0
24.25,1,1,1,0,0,0,0,0,0,0,0,219,0,0,1
31.38,0,1,1,0,0,0,0,0,0,0,0,96,0,0,1
15.76,1,0,1,0,0,0,0,0,0,0,0,219,0,1,0
24.25,1,0,0,0,0,0,1,0,0,0,0,119,0,0,1
29.1,0,1,0,0,0,1,0,0,0,0,0,5,0,0,1
12.08,1,1,0,1,0,0,0,0,0,0,0,46,1,0,0
12.13,0,1,1,0,0,0,0,0,0,0,0,96,1,0,0
15.86,0,1,0,0,0,0,1,0,0,0,0,119,0,1,0
14.07,1,1,1,0,0,0,0,0,0,0,0,219,0,1,0
24.25,1,0,0,0,1,0,0,0,0,0,0,5,0,0,1
13.73,0,1,0,0,0,0,1,0,0,0,0,1,0,1,0
12.18,1,0,1,0,0,0,0,0,0,0,0,18,1,0,0
29.05,0,1,0,0,0,0,0,0,1,0,0,23,0,0,1
32.98,1,1,0,1,0,0,0,0,0,0,0,59,0,0,1
6.69,1,0,0,0,0,0,0,0,1,0,0,16,1,0,0
24.3,0,1,0,0,0,1,0,0,0,0,0,132,0,0,1
7.33,1,1,0,0,0,1,0,0,0,0,0,37,1,0,0
9.12,1,0,0,1,0,0,0,0,0,0,0,55,1,0,0
12.13,0,1,1,0,0,0,0,0,0,0,0,7,1,0,0
32.98,1,1,0,0,0,0,1,0,0,0,0,3,0,0,1
14.65,1,0,0,0,0,1,0,0,0,0,0,2,0,1,0
31.33,0,1,0,0,0,1,0,0,0,0,0,68,0,0,1
9.65,1,1,0,1,0,0,0,0,0,0,0,59,1,0,0
12.95,1,1,1,0,0,0,0,0,0,0,0,96,0,1,0
21.34,1,0,1,0,0,0,0,0,0,0,0,15,0,0,1
19.4,1,1,1,0,0,0,0,0,0,0,0,219,0,0,1
6.69,0,1,0,1,0,0,0,0,0,0,0,55,1,0,0
12.13,0,0,0,0,0,0,1,0,0,0,0,119,1,0,0
15.91,1,1,0,0,0,0,1,0,0,0,0,42,0,1,0
5.77,1,1,1,0,0,0,0,0,0,0,0,219,1,0,0
12.23,1,1,0,0,0,1,0,0,0,0,0,132,0,1,0
12.23,1,1,0,0,0,1,0,0,0,0,0,132,0,1,0
12.18,0,1,1,0,0,0,0,0,0,0,0,219,1,0,0
11.64,0,1,0,0,1,0,0,0,0,0,0,27,1,0,0
22.26,1,1,0,0,0,0,0,0,0,0,1,4,0,0,1
14.07,0,1,0,0,0,0,0,0,0,0,1,3,0,1,0
16.49,0,1,0,0,0,0,1,0,0,0,0,119,0,1,0
9.65,1,0,0,0,0,1,0,0,0,0,0,132,1,0,0
12.23,0,1,0,0,0,1,0,0,0,0,0,68,0,1,0
12.18,0,0,0,1,0,0,0,0,0,0,0,46,1,0,0
12.13,0,1,0,0,0,0,1,0,0,0,0,24,1,0,0
12.95,1,1,0,0,0,0,1,0,0,0,0,119,0,1,0
19.4,1,1,0,0,0,0,1,0,0,0,0,30,0,0,1
29.1,0,1,0,1,0,0,0,0,0,0,0,55,0,0,1
29.15,0,0,0,1,0,0,0,0,0,0,0,46,0,0,1
31.43,1,0,0,0,1,0,0,0,0,0,0,4,0,0,1
16.15,0,1,0,0,0,0,1,0,0,0,0,119,0,1,0
8.97,0,1,0,0,0,0,0,0,0,1,0,18,1,0,0
15.28,0,0,0,0,0,0,1,0,0,0,0,44,0,1,0
10.24,0,1,1,0,0,0,0,0,0,0,0,219,1,0,0
29.1,0,0,0,1,0,0,0,0,0,0,0,9,0,0,1
12.9,0,0,0,0,0,0,1,0,0,0,0,119,0,1,0
29.05,1,1,0,0,0,1,0,0,0,0,0,12,0,0,1
19.35,1,1,0,0,0,0,1,0,0,0,0,119,0,1,0
12.71,0,1,0,0,0,0,1,0,0,0,0,49,0,1,0
24.3,1,1,0,0,0,0,1,0,0,0,0,119,0,0,1
12.08,1,1,1,0,0,0,0,0,0,0,0,18,1,0,0
29.25,0,1,0,0,0,0,0,0,0,1,0,18,0,0,1
13.05,1,1,0,0,0,0,0,0,1,0,0,4,0,1,0
25.22,1,1,1,0,0,0,0,0,0,0,0,219,0,0,1
12.95,0,1,1,0,0,0,0,0,0,0,0,219,0,1,0
16.06,0,1,0,0,0,0,1,0,0,0,0,42,0,1,0
29.05,1,1,1,0,0,0,0,0,0,0,0,219,0,0,1
5.63,1,1,1,0,0,0,0,0,0,0,0,27,1,0,0
19.4,1,1,1,0,0,0,0,0,0,0,0,219,0,0,1
25.17,1,0,0,0,0,1,0,0,0,0,0,68,0,0,1
25.22,0,0,1,0,0,0,0,0,0,0,0,27,0,0,1
14.84,1,1,0,0,0,0,0,0,0,0,1,14,0,1,0
6.69,0,1,0,0,0,1,0,0,0,0,0,132,1,0,0
22.36,1,1,0,0,0,1,0,0,0,0,0,132,0,0,1
15.28,1,1,0,0,0,0,1,0,0,0,0,49,0,1,0
8.2,0,0,0,0,0,1,0,0,0,0,0,68,1,0,0
22.31,0,0,1,0,0,0,0,0,0,0,0,219,0,0,1
12.23,1,1,0,0,1,0,0,0,0,0,0,27,0,1,0
12.18,1,0,1,0,0,0,0,0,0,0,0,3,1,0,0
12.61,1,1,1,0,0,0,0,0,0,0,0,219,0,1,0
14.12,1,0,0,0,0,1,0,0,0,0,0,37,0,1,0
14.07,1,1,0,0,0,0,1,0,0,0,0,6,0,1,0
12.18,0,0,0,1,0,0,0,0,0,0,0,46,1,0,0
17.07,1,1,0,0,0,0,1,0,0,0,0,119,0,1,0
12.18,1,1,0,0,0,1,0,0,0,0,0,132,1,0,0
8.83,1,1,0,0,0,0,1,0,0,0,0,119,1,0,0
14.31,0,1,0,0,0,0,1,0,0,0,0,37,0,1,0
25.22,1,1,0,0,0,0,1,0,0,0,0,49,0,0,1
14.65,1,1,0,0,0,0,1,0,0,0,0,3,0,1,0
12.71,0,0,0,0,0,0,1,0,0,0,0,119,0,1,0
21.88,1,1,0,0,0,1,0,0,0,0,0,37,0,0,1
12.95,0,0,0,0,0,0,1,0,0,0,0,44,0,1,0
8.63,1,1,0,0,0,0,1,0,0,0,0,24,1,0,0
21.83,0,1,1,0,0,0,0,0,0,0,0,96,0,0,1
5.48,0,1,0,1,0,0,0,0,0,0,0,59,1,0,0
22.36,0,1,0,0,0,1,0,0,0,0,0,68,0,0,1
12.13,1,1,0,0,0,0,1,0,0,0,0,119,1,0,0
12.18,0,1,1,0,0,0,0,0,0,0,0,96,1,0,0
12.18,1,0,0,0,0,1,0,0,0,0,0,2,1,0,0
12.18,0,0,1,0,0,0,0,0,0,0,0,27,1,0,0
22.12,1,0,0,0,0,0,1,0,0,0,0,49,0,0,1
33.03,0,0,1,0,0,0,0,0,0,0,0,219,0,0,1
16.1,1,1,0,1,0,0,0,0,0,0,0,4,0,1,0
22.26,1,1,1,0,0,0,0,0,0,0,0,18,0,0,1
19.45,1,0,0,0,0,0,1,0,0,0,0,29,0,0,1
15.77,0,1,1,0,0,0,0,0,0,0,0,219,0,1,0
14.7,1,0,0,0,0,1,0,0,0,0,0,132,0,1,0
14.07,0,1,1,0,0,0,0,0,0,0,0,219,0,1,0
13.73,1,0,0,0,0,0,0,0,0,1,0,18,0,1,0
12.61,1,1,1,0,0,0,0,0,0,0,0,219,0,1,0
8.34,1,1,1,0,0,0,0,0,0,0,0,219,1,0,0
12.18,1,1,0,0,0,0,1,0,0,0,0,119,1,0,0
29.15,1,1,0,0,0,1,0,0,0,0,0,132,0,0,1
24.25,1,1,0,0,0,0,1,0,0,0,0,44,0,0,1
12.32,0,0,0,0,0,0,1,0,0,0,0,119,0,1,0
15.96,1,0,1,0,0,0,0,0,0,0,0,219,0,1,0
6.45,1,1,1,0,0,0,0,0,0,0,0,96,1,0,0
24.3,1,1,1,0,0,0,0,0,0,0,0,29,0,0,1
12.56,0,1,0,1,0,0,0,0,0,0,0,55,0,1,0
22.31,0,0,0,0,0,0,0,0,0,0,1,14,0,0,1
15.52,0,1,0,0,0,0,1,0,0,0,0,16,0,1,0
6.74,1,1,0,0,0,0,0,0,1,0,0,8,1,0,0
6.02,0,0,0,0,0,0,1,0,0,0,0,44,1,0,0
6.74,1,1,1,0,0,0,0,0,0,0,0,15,1,0,0
11.79,0,1,0,0,0,0,1,0,0,0,0,2,1,0,0
29.05,1,1,0,0,0,0,1,0,0,0,0,49,0,0,1
19.35,0,1,0,0,0,0,1,0,0,0,0,44,0,1,0
11.98,1,0,0,0,0,0,0,0,0,0,1,6,1,0,0
11.69,1,0,0,0,0,0,1,0,0,0,0,44,1,0,0
16.44,1,1,0,0,0,0,1,0,0,0,0,119,0,1,0
20.32,1,0,0,1,0,0,0,0,0,0,0,55,0,0,1
14.02,1,1,0,0,0,0,1,0,0,0,0,119,0,1,0
9.07,1,1,0,1,0,0,0,0,0,0,0,59,1,0,0
5.92,0,0,0,0,0,0,0,1,0,0,0,7,1,0,0
15.52,1,1,1,0,0,0,0,0,0,0,0,219,0,1,0
22.31,0,1,0,0,0,0,0,1,0,0,0,25,0,0,1
28.57,1,0,0,0,0,1,0,0,0,0,0,68,0,0,1
24.25,1,1,1,0,0,0,0,0,0,0,0,219,0,0,1
12.08,0,1,1,0,0,0,0,0,0,0,0,9,1,0,0
22.07,1,1,0,0,0,0,1,0,0,0,0,119,0,0,1
21.29,0,1,1,0,0,0,0,0,0,0,0,219,0,0,1
16.49,1,1,1,0,0,0,0,0,0,0,0,12,0,1,0
25.27,1,0,1,0,0,0,0,0,0,0,0,15,0,0,1
11.64,1,1,1,0,0,0,0,0,0,0,0,96,1,0,0
12.61,1,1,0,0,0,0,0,0,0,0,1,3,0,1,0
13.0,1,1,0,0,0,1,0,0,0,0,0,132,0,1,0
31.43,0,1,1,0,0,0,0,0,0,0,0,132,0,0,1
25.17,0,0,0,0,1,0,0,0,0,0,0,5,0,0,1
9.12,0,1,0,0,0,0,1,0,0,0,0,44,1,0,0
31.43,1,0,0,0,0,1,0,0,0,0,0,68,0,0,1
29.05,1,1,0,0,0,0,0,1,0,0,0,25,0,0,1
31.33,1,1,0,0,0,0,1,0,0,0,0,5,0,0,1
24.25,1,1,1,0,0,0,0,0,0,0,0,7,0,0,1
12.37,0,1,1,0,0,0,0,0,0,0,0,219,0,1,0
24.25,0,1,1,0,0,0,0,0,0,0,0,96,0,0,1
29.05,0,1,0,0,0,0,1,0,0,0,0,37,0,0,1
5.63,0,1,1,0,0,0,0,0,0,0,0,219,1,0,0
9.51,0,1,0,1,0,0,0,0,0,0,0,55,1,0,0
15.76,1,1,0,0,0,0,1,0,0,0,0,29,0,1,0
11.64,0,1,1,0,0,0,0,0,0,0,0,219,1,0,0
12.13,1,1,0,0,0,0,1,0,0,0,0,119,1,0,0
14.99,0,1,0,0,0,0,1,0,0,0,0,49,0,1,0
12.18,1,1,1,0,0,0,0,0,0,0,0,132,1,0,0
12.66,1,0,0,0,0,0,0,0,1,0,0,1,0,1,0
12.08,1,1,0,0,0,1,0,0,0,0,0,68,1,0,0
15.52,1,0,0,0,1,0,0,0,0,0,0,5,0,1,0
20.18,0,1,0,0,0,0,1,0,0,0,0,3,0,0,1
31.43,1,1,0,0,0,0,1,0,0,0,0,119,0,0,1
12.18,0,1,1,0,0,0,0,0,0,0,0,15,1,0,0
8.05,0,1,0,0,0,1,0,0,0,0,0,1,1,0,0
14.41,0,1,0,0,0,1,0,0,0,0,0,132,0,1,0
12.23,1,0,0,0,0,0,1,0,0,0,0,3,0,1,0
13.0,1,0,0,0,0,0,1,0,0,0,0,119,0,1,0
24.2,1,1,0,0,1,0,0,0,0,0,0,16,0,0,1
14.75,1,1,0,0,0,0,1,0,0,0,0,49,0,1,0
5.77,1,1,0,0,0,0,1,0,0,0,0,42,1,0,0
13.0,1,1,0,1,0,0,0,0,0,0,0,2,0,1,0
29.05,1,0,0,0,0,0,1,0,0,0,0,29,0,0,1
12.23,0,1,0,0,0,1,0,0,0,0,0,37,0,1,0
29.88,1,1,0,0,0,0,0,0,0,1,0,18,0,0,1
20.23,1,0,1,0,0,0,0,0,0,0,0,96,0,0,1
4.8,1,1,1,0,0,0,0,0,0,0,0,219,1,0,0
14.84,0,0,0,0,0,1,0,0,0,0,0,5,0,1,0
24.25,1,1,0,0,0,0,1,0,0,0,0,119,0,0,1
12.18,1,1,0,0,0,0,1,0,0,0,0,42,1,0,0
10.14,1,1,1,0,0,0,0,0,0,0,0,96,1,0,0
12.13,0,1,0,1,0,0,0,0,0,0,0,46,1,0,0
14.12,1,1,0,1,0,0,0,0,0,0,0,9,0,1,0
11.3,1,1,0,0,0,1,0,0,0,0,0,5,1,0,0
32.93,0,1,0,0,0,0,0,0,0,0,1,4,0,0,1
24.2,0,0,0,1,0,0,0,0,0,0,0,59,0,0,1
8.44,0,1,1,0,0,0,0,0,0,0,0,96,1,0,0
24.25,1,0,1,0,0,0,0,0,0,0,0,219,0,0,1
31.43,1,1,1,0,0,0,0,0,0,0,0,15,0,0,1
9.46,0,1,0,0,0,0,1,0,0,0,0,24,1,0,0
15.81,1,1,0,0,0,1,0,0,0,0,0,5,0,1,0
12.18,0,1,1,0,0,0,0,0,0,0,0,15,1,0,0
29.25,0,1,0,0,1,0,0,0,0,0,0,16,0,0,1
6.84,1,1,0,1,0,0,0,0,0,0,0,46,1,0,0
12.66,0,1,0,0,0,0,1,0,0,0,0,42,0,1,0
12.18,0,1,0,0,0,1,0,0,0,0,0,68,1,0,0
33.03,1,1,1,0,0,0,0,0,0,0,0,96,0,0,1
16.3,1,0,0,0,0,0,0,0,0,1,0,4,0,1,0
12.95,0,1,0,0,0,0,1,0,0,0,0,119,0,1,0
25.27,0,0,0,0,0,0,1,0,0,0,0,3,0,0,1
6.74,1,1,0,0,0,0,1,0,0,0,0,119,1,0,0
21.88,1,1,0,0,0,1,0,0,0,0,0,68,0,0,1
32.98,0,0,0,0,1,0,0,0,0,0,0,2,0,0,1
16.98,1,1,1,0,0,0,0,0,0,0,0,15,0,1,0
11.59,0,0,0,0,0,1,0,0,0,0,0,132,1,0,0
12.18,0,1,0,1,0,0,0,0,0,0,0,55,1,0,0
24.2,1,0,0,1,0,0,0,0,0,0,0,1,0,0,1
16.54,1,1,0,0,1,0,0,0,0,0,0,2,0,1,0
9.27,0,1,0,0,0,0,1,0,0,0,0,24,1,0,0
24.3,1,0,0,1,0,0,0,0,0,0,0,59,0,0,1
12.18,0,1,0,0,0,0,1,0,0,0,0,7,1,0,0
12.13,0,1,0,0,0,0,0,0,1,0,0,23,1,0,0
29.1,0,1,0,0,0,0,0,0,0,1,0,4,0,0,1
12.37,0,1,0,0,0,0,1,0,0,0,0,44,0,1,0
12.13,1,1,1,0,0,0,0,0,0,0,0,3,1,0,0
18.24,1,1,0,0,0,0,1,0,0,0,0,29,0,1,0
12.13,1,1,0,0,1,0,0,0,0,0,0,1,1,0,0
12.08,1,1,0,1,0,0,0,0,0,0,0,46,1,0,0
6.79,1,0,0,0,0,0,1,0,0,0,0,119,1,0,0
12.13,1,1,0,0,0,0,1,0,0,0,0,119,1,0,0
29.49,0,0,0,0,0,0,1,0,0,0,0,49,0,0,1
13.05,1,1,0,0,0,1,0,0,0,0,0,5,0,1,0
15.77,1,1,1,0,0,0,0,0,0,0,0,219,0,1,0
22.26,0,0,0,0,0,1,0,0,0,0,0,5,0,0,1
9.02,1,1,0,0,0,0,1,0,0,0,0,37,1,0,0
7.71,1,1,0,1,0,0,0,0,0,0,0,46,1,0,0
14.65,0,1,1,0,0,0,0,0,0,0,0,96,0,1,0
22.31,1,1,0,1,0,0,0,0,0,0,0,46,0,0,1
5.72,0,0,1,0,0,0,0,0,0,0,0,2,1,0,0
6.69,1,1,0,0,0,0,0,0,0,1,0,18,1,0,0
29.78,0,0,0,0,0,0,0,0,0,0,1,14,0,0,1
16.01,0,1,0,0,0,0,1,0,0,0,0,16,0,1,0
15.96,0,1,0,0,0,0,1,0,0,0,0,16,0,1,0
14.07,0,1,1,0,0,0,0,0,0,0,0,219,0,1,0
24.25,1,0,0,0,0,0,1,0,0,0,0,119,0,0,1
14.84,1,1,0,1,0,0,0,0,0,0,0,9,0,1,0
22.85,1,1,1,0,0,0,0,0,0,0,0,219,0,0,1
20.23,1,1,0,1,0,0,0,0,0,0,0,13,0,0,1
14.6,0,1,0,1,0,0,0,0,0,0,0,55,0,1,0
15.52,1,1,0,0,0,0,1,0,0,0,0,49,0,1,0
8.98,0,1,1,0,0,0,0,0,0,0,0,96,1,0,0
19.4,1,1,1,0,0,0,0,0,0,0,0,11,0,0,1
13.0,1,0,1,0,0,0,0,0,0,0,0,29,0,1,0
5.82,0,1,1,0,0,0,0,0,0,0,0,18,1,0,0
16.06,0,1,0,0,0,0,1,0,0,0,0,119,0,1,0
5.82,1,1,0,1,0,0,0,0,0,0,0,55,1,0,0
13.05,0,0,0,0,0,0,1,0,0,0,0,37,0,1,0
9.22,1,1,0,0,0,1,0,0,0,0,0,68,1,0,0
8.35,1,1,1,0,0,0,0,0,0,0,0,12,1,0,0
25.17,0,1,0,0,0,0,0,0,1,0,0,16,0,0,1
29.05,1,1,0,0,0,0,0,0,1,0,0,23,0,0,1
8.49,0,1,0,0,0,0,0,1,0,0,0,25,1,0,0
6.74,1,1,0,0,0,0,1,0,0,0,0,119,1,0,0
24.2,1,1,0,0,0,0,0,0,0,0,1,4,0,0,1
12.18,1,1,1,0,0,0,0,0,0,0,0,219,1,0,0
19.4,1,1,0,0,0,1,0,0,0,0,0,132,0,0,1
14.07,1,1,1,0,0,0,0,0,0,0,0,219,0,1,0
31.86,1,1,0,1,0,0,0,0,0,0,0,59,0,0,1
12.56,1,0,0,1,0,0,0,0,0,0,0,59,0,1,0
14.07,1,1,0,0,0,0,1,0,0,0,0,24,0,1,0
5.82,1,1,1,0,0,0,0,0,0,0,0,132,1,0,0
19.98,1,0,0,0,0,1,0,0,0,0,0,3,0,0,1
14.07,0,1,1,0,0,0,0,0,0,0,0,219,0,1,0
14.12,1,0,0,0,0,0,0,1,0,0,0,25,0,1,0
12.42,1,1,0,0,0,0,1,0,0,0,0,24,0,1,0
12.13,0,1,0,0,0,1,0,0,0,0,0,68,1,0,0
19.45,0,0,1,0,0,0,0,0,0,0,0,29,0,0,1
12.18,1,1,1,0,0,0,0,0,0,0,0,96,1,0,0
6.69,0,1,0,0,0,1,0,0,0,0,0,132,1,0,0
13.97,0,0,0,0,0,0,1,0,0,0,0,42,0,1,0
5.72,1,0,0,0,0,0,1,0,0,0,0,44,1,0,0
13.1,0,1,0,0,1,0,0,0,0,0,0,2,0,1,0
6.07,1,0,1,0,0,0,0,0,0,0,0,219,1,0,0
12.56,1,1,1,0,0,0,0,0,0,0,0,11,0,1,0
14.07,1,0,1,0,0,0,0,0,0,0,0,15,0,1,0
12.52,1,0,1,0,0,0,0,0,0,0,0,96,0,1,0
21.93,0,0,1,0,0,0,0,0,0,0,0,219,0,0,1
25.27,1,1,1,0,0,0,0,0,0,0,0,7,0,0,1
22.75,1,0,0,0,0,0,1,0,0,0,0,3,0,0,1
12.18,1,1,1,0,0,0,0,0,0,0,0,132,1,0,0
15.38,0,0,0,0,0,1,0,0,0,0,0,37,0,1,0
12.66,0,1,0,0,0,0,1,0,0,0,0,18,0,1,0
25.17,0,1,0,0,0,0,1,0,0,0,0,42,0,0,1
24.25,0,1,1,0,0,0,0,0,0,0,0,15,0,0,1
14.02,1,1,1,0,0,0,0,0,0,0,0,219,0,1,0
31.33,1,0,0,0,0,0,0,0,0,1,0,18,0,0,1
9.7,0,1,0,0,0,0,1,0,0,0,0,29,1,0,0
33.03,0,1,0,0,0,0,1,0,0,0,0,29,0,0,1
24.2,0,1,0,0,0,0,1,0,0,0,0,24,0,0,1
16.15,0,1,1,0,0,0,0,0,0,0,0,12,0,1,0
21.93,0,1,0,0,0,1,0,0,0,0,0,2,0,0,1
9.41,1,1,1,0,0,0,0,0,0,0,0,219,1,0,0
14.12,1,1,0,0,0,0,0,0,0,0,1,14,0,1,0
14.55,1,0,0,0,0,1,0,0,0,0,0,68,0,1,0
33.03,1,1,0,0,0,0,1,0,0,0,0,44,0,0,1
13.0,1,1,0,0,0,0,1,0,0,0,0,119,0,1,0
25.17,0,1,1,0,0,0,0,0,0,0,0,3,0,0,1
5.97,0,1,0,0,0,1,0,0,0,0,0,37,1,0,0
13.0,1,1,0,0,0,0,1,0,0,0,0,11,0,1,0
12.66,0,1,1,0,0,0,0,0,0,0,0,11,0,1,0
14.12,0,1,0,0,0,0,1,0,0,0,0,44,0,1,0
8.3,0,1,0,0,0,1,0,0,0,0,0,14,1,0,0
17.03,1,0,0,0,0,0,1,0,0,0,0,6,0,1,0
14.02,0,0,0,0,0,0,1,0,0,0,0,119,0,1,0
24.2,1,1,0,1,0,0,0,0,0,0,0,55,0,0,1
16.01,0,1,1,0,0,0,0,0,0,0,0,29,0,1,0
25.22,1,1,0,0,0,1,0,0,0,0,0,132,0,0,1
19.45,0,1,0,0,1,0,0,0,0,0,0,16,0,0,1
12.08,1,0,0,0,0,0,1,0,0,0,0,44,1,0,0
24.25,1,0,1,0,0,0,0,0,0,0,0,96,0,0,1
16.98,1,0,0,0,0,0,0,0,1,0,0,16,0,1,0
13.0,0,1,1,0,0,0,0,0,0,0,0,96,0,1,0
13.24,0,1,0,0,1,0,0,0,0,0,0,27,0,1,0
29.39,0,0,0,0,0,1,0,0,0,0,0,68,0,0,1
11.59,0,1,1,0,0,0,0,0,0,0,0,7,1,0,0
12.13,0,1,0,0,0,0,0,1,0,0,0,6,1,0,0
24.2,1,1,0,0,0,1,0,0,0,0,0,37,0,0,1
15.86,0,1,0,0,0,0,0,0,1,0,0,1,0,1,0
12.95,0,0,0,0,1,0,0,0,0,0,0,27,0,1,0
15.86,0,1,1,0,0,0,0,0,0,0,0,219,0,1,0
14.84,1,1,1,0,0,0,0,0,0,0,0,2,0,1,0
5.77,0,1,0,0,0,0,1,0,0,0,0,18,1,0,0
22.8,0,1,0,0,0,0,1,0,0,0,0,37,0,0,1
29.25,1,0,0,0,0,1,0,0,0,0,0,132,0,0,1
22.36,1,1,0,0,0,0,1,0,0,0,0,44,0,0,1
22.26,1,1,0,0,0,0,1,0,0,0,0,37,0,0,1
8.01,1,0,0,0,0,0,1,0,0,0,0,7,1,0,0
16.3,0,1,0,0,0,1,0,0,0,0,0,7,0,1,0
31.43,0,1,0,0,0,0,1,0,0,0,0,49,0,0,1
12.13,0,1,0,0,0,1,0,0,0,0,0,68,1,0,0
8.05,0,0,0,0,0,0,1,0,0,0,0,49,1,0,0
19.4,0,0,0,0,0,1,0,0,0,0,0,68,0,0,1
19.35,0,1,0,0,1,0,0,0,0,0,0,4,0,1,0
16.15,0,1,0,0,0,0,1,0,0,0,0,49,0,1,0
16.05,1,0,0,0,0,0,1,0,0,0,0,30,0,1,0
24.25,1,1,0,0,0,1,0,0,0,0,0,68,0,0,1
9.07,0,0,1,0,0,0,0,0,0,0,0,219,1,0,0
13.05,1,0,0,0,0,0,1,0,0,0,0,44,0,1,0
12.13,1,0,1,0,0,0,0,0,0,0,0,219,1,0,0
24.35,1,0,1,0,0,0,0,0,0,0,0,219,0,0,1
16.01,1,1,0,1,0,0,0,0,0,0,0,46,0,1,0
5.82,1,1,0,0,0,1,0,0,0,0,0,5,1,0,0
16.15,1,1,0,0,0,0,0,0,0,1,0,18,0,1,0
29.68,0,1,0,0,0,0,1,0,0,0,0,119,0,0,1
12.18,0,1,0,0,0,1,0,0,0,0,0,132,1,0,0
12.56,1,1,0,0,0,0,1,0,0,0,0,37,0,1,0
16.1,0,1,0,0,0,0,0,0,1,0,0,23,0,1,0
21.93,1,1,0,0,0,1,0,0,0,0,0,68,0,0,1
5.77,1,0,0,0,0,0,1,0,0,0,0,37,1,0,0
6.02,1,1,0,0,0,0,1,0,0,0,0,42,1,0,0
6.74,0,0,0,0,0,1,0,0,0,0,0,2,1,0,0
11.59,1,1,0,0,0,0,1,0,0,0,0,119,1,0,0
33.03,1,1,1,0,0,0,0,0,0,0,0,3,0,0,1
33.03,0,1,0,1,0,0,0,0,0,0,0,55,0,0,1
5.72,0,1,1,0,0,0,0,0,0,0,0,219,1,0,0
29.15,0,0,0,0,0,0,1,0,0,0,0,119,0,0,1
14.07,1,1,0,0,1,0,0,0,0,0,0,4,0,1,0
6.64,0,0,0,0,0,0,1,0,0,0,0,7,1,0,0
9.6,1,1,1,0,0,0,0,0,0,0,0,11,1,0,0
9.32,1,1,0,0,0,0,1,0,0,0,0,119,1,0,0
25.22,1,0,0,0,0,0,0,0,0,1,0,18,0,0,1
16.93,0,1,1,0,0,0,0,0,0,0,0,219,0,1,0
16.44,1,1,1,0,0,0,0,0,0,0,0,96,0,1,0
14.41,1,1,0,0,0,0,1,0,0,0,0,29,0,1,0
12.13,1,1,0,0,0,1,0,0,0,0,0,7,1,0,0
22.26,1,1,0,0,1,0,0,0,0,0,0,27,0,0,1
24.3,1,0,1,0,0,0,0,0,0,0,0,219,0,0,1
12.27,0,0,1,0,0,0,0,0,0,0,0,18,0,1,0
12.23,0,1,0,0,0,0,1,0,0,0,0,29,0,1,0
14.6,0,0,1,0,0,0,0,0,0,0,0,7,0,1,0
14.94,1,1,1,0,0,0,0,0,0,0,0,1,0,1,0
16.54,0,1,0,0,0,0,1,0,0,0,0,44,0,1,0
11.64,0,1,0,1,0,0,0,0,0,0,0,55,1,0,0
11.69,1,0,1,0,0,0,0,0,0,0,0,11,1,0,0
6.74,0,1,0,1,0,0,0,0,0,0,0,59,1,0,0
9.22,0,1,0,0,0,0,0,0,0,1,0,18,1,0,0
5.77,0,1,1,0,0,0,0,0,0,0,0,132,1,0,0
21.93,0,1,0,0,0,0,1,0,0,0,0,29,0,0,1
9.02,1,0,1,0,0,0,0,0,0,0,0,219,1,0,0
22.8,1,0,0,0,0,1,0,0,0,0,0,5,0,0,1
12.51,1,1,0,0,0,1,0,0,0,0,0,37,0,1,0
14.07,1,0,0,0,0,0,0,0,0,1,0,3,0,1,0
5.34,1,1,0,0,1,0,0,0,0,0,0,16,1,0,0
29.1,0,1,1,0,0,0,0,0,0,0,0,15,0,0,1
6.4,1,0,1,0,0,0,0,0,0,0,0,29,1,0,0
14.12,0,1,0,0,0,0,0,0,0,1,0,18,0,1,0
12.18,0,1,0,0,0,0,1,0,0,0,0,49,1,0,0
19.45,0,1,0,0,0,1,0,0,0,0,0,14,0,0,1
11.59,1,1,0,0,0,0,1,0,0,0,0,30,1,0,0
9.22,0,1,0,0,0,0,1,0,0,0,0,42,1,0,0
12.13,1,1,0,0,0,0,0,0,1,0,0,13,1,0,0
15.76,1,1,1,0,0,0,0,0,0,0,0,219,0,1,0
29.49,1,1,0,0,1,0,0,0,0,0,0,5,0,0,1
19.35,1,1,0,0,0,0,1,0,0,0,0,42,0,1,0
31.43,0,1,1,0,0,0,0,0,0,0,0,219,0,0,1
19.4,1,1,0,0,0,0,1,0,0,0,0,119,0,0,1
11.69,0,1,0,0,0,0,1,0,0,0,0,119,1,0,0
19.3,0,1,0,1,0,0,0,0,0,0,0,46,0,1,0
7.61,0,1,0,0,0,1,0,0,0,0,0,132,1,0,0
8.3,0,0,0,0,0,1,0,0,0,0,0,132,1,0,0
25.17,0,1,0,1,0,0,0,0,0,0,0,55,0,0,1
12.08,0,0,0,0,0,0,1,0,0,0,0,49,1,0,0
12.71,1,0,0,0,0,1,0,0,0,0,0,132,0,1,0
12.18,0,1,0,0,0,1,0,0,0,0,0,132,1,0,0
29.35,1,1,0,0,0,1,0,0,0,0,0,68,0,0,1
25.27,1,1,1,0,0,0,0,0,0,0,0,29,0,0,1
8.54,1,1,0,1,0,0,0,0,0,0,0,9,1,0,0
29.15,0,1,0,1,0,0,0,0,0,0,0,46,0,0,1
17.85,0,1,0,0,0,0,1,0,0,0,0,119,0,1,0
16.1,0,1,0,0,0,0,1,0,0,0,0,29,0,1,0
14.07,1,1,0,0,1,0,0,0,0,0,0,16,0,1,0
15.57,1,0,1,0,0,0,0,0,0,0,0,219,0,1,0
16.44,1,1,0,0,0,1,0,0,0,0,0,68,0,1,0
16.06,1,1,0,0,0,0,0,0,1,0,0,1,0,1,0
6.74,1,1,0,0,0,1,0,0,0,0,0,2,1,0,0
14.07,0,0,1,0,0,0,0,0,0,0,0,96,0,1,0
12.13,1,1,0,0,0,0,0,0,0,0,1,6,1,0,0
8.54,0,1,0,0,0,1,0,0,0,0,0,132,1,0,0
11.59,0,1,1,0,0,0,0,0,0,0,0,9,1,0,0
31.43,1,1,0,0,0,0,0,1,0,0,0,25,0,0,1
16.11,0,1,0,0,0,0,1,0,0,0,0,5,0,1,0
9.41,1,1,0,0,0,0,1,0,0,0,0,119,1,0,0
29.05,1,0,1,0,0,0,0,0,0,0,0,1,0,0,1
5.87,1,1,0,1,0,0,0,0,0,0,0,59,1,0,0
12.18,1,1,0,0,0,0,1,0,0,0,0,44,1,0,0
12.13,0,0,0,0,0,0,0,0,0,0,1,9,1,0,0
16.2,1,1,0,0,0,1,0,0,0,0,0,37,0,1,0
5.97,0,1,0,0,0,0,1,0,0,0,0,119,1,0,0
12.23,1,0,1,0,0,0,0,0,0,0,0,219,0,1,0
14.12,1,0,0,0,0,0,1,0,0,0,0,119,0,1,0
6.74,1,0,0,0,0,1,0,0,0,0,0,68,1,0,0
19.4,1,1,0,1,0,0,0,0,0,0,0,59,0,0,1
12.13,0,1,1,0,0,0,0,0,0,0,0,96,1,0,0
14.16,1,1,1,0,0,0,0,0,0,0,0,12,0,1,0
12.13,0,1,0,0,0,0,1,0,0,0,0,18,1,0,0
31.38,0,1,0,0,0,0,0,1,0,0,0,25,0,0,1
22.85,1,0,0,0,0,0,1,0,0,0,0,11,0,0,1
32.93,1,1,1,0,0,0,0,0,0,0,0,15,0,0,1
19.4,0,1,0,0,0,1,0,0,0,0,0,132,0,0,1
8.1,0,1,1,0,0,0,0,0,0,0,0,219,1,0,0
9.02,0,0,1,0,0,0,0,0,0,0,0,11,1,0,0
9.12,0,1,1,0,0,0,0,0,0,0,0,219,1,0,0
6.69,1,0,0,0,0,0,1,0,0,0,0,49,1,0,0
16.88,0,1,0,0,0,1,0,0,0,0,0,5,0,1,0
16.3,0,0,1,0,0,0,0,0,0,0,0,7,0,1,0
9.27,1,1,1,0,0,0,0,0,0,0,0,29,1,0,0
15.86,1,1,0,0,0,0,1,0,0,0,0,49,0,1,0
12.23,0,1,0,0,0,0,1,0,0,0,0,119,0,1,0
12.13,1,1,0,0,0,0,0,0,0,0,1,10,1,0,0
17.03,1,1,1,0,0,0,0,0,0,0,0,27,0,1,0
13.77,0,1,1,0,0,0,0,0,0,0,0,27,0,1,0
6.01,0,0,0,0,0,0,0,0,0,0,1,4,1,0,0
29.25,0,0,0,0,0,0,1,0,0,0,0,44,0,0,1
16.1,0,1,0,0,0,0,1,0,0,0,0,119,0,1,0
5.73,0,0,0,1,0,0,0,0,0,0,0,55,1,0,0
6.07,1,1,1,0,0,0,0,0,0,0,0,219,1,0,0
15.23,1,1,0,1,0,0,0,0,0,0,0,55,0,1,0
9.17,0,1,0,0,0,1,0,0,0,0,0,68,1,0,0
29.15,0,1,0,0,1,0,0,0,0,0,0,27,0,0,1
29.05,1,1,1,0,0,0,0,0,0,0,0,219,0,0,1
33.03,1,0,0,1,0,0,0,0,0,0,0,46,0,0,1
8.83,1,0,0,0,0,0,1,0,0,0,0,29,1,0,0
6.74,0,1,1,0,0,0,0,0,0,0,0,27,1,0,0
17.03,0,1,0,0,0,0,1,0,0,0,0,24,0,1,0
25.22,1,0,0,0,0,0,1,0,0,0,0,5,0,0,1
9.17,1,1,0,0,0,0,0,0,1,0,0,3,1,0,0
12.18,0,1,1,0,0,0,0,0,0,0,0,3,1,0,0
12.18,0,1,0,0,0,1,0,0,0,0,0,68,1,0,0
15.57,1,1,1,0,0,0,0,0,0,0,0,219,0,1,0
12.13,1,0,1,0,0,0,0,0,0,0,0,6,1,0,0
14.6,0,1,1,0,0,0,0,0,0,0,0,96,0,1,0
11.84,0,1,0,0,0,0,1,0,0,0,0,37,1,0,0
14.07,0,1,0,0,0,0,1,0,0,0,0,16,0,1,0
33.03,0,1,0,0,0,0,1,0,0,0,0,3,0,0,1
8.1,1,1,1,0,0,0,0,0,0,0,0,219,1,0,0
12.18,0,0,1,0,0,0,0,0,0,0,0,4,1,0,0
5.72,1,1,0,0,0,1,0,0,0,0,0,68,1,0,0
15.67,0,0,0,0,0,0,0,0,0,0,1,1,0,1,0
12.18,1,1,0,0,0,0,1,0,0,0,0,42,1,0,0
16.2,0,1,1,0,0,0,0,0,0,0,0,219,0,1,0
6.79,0,1,1,0,0,0,0,0,0,0,0,1,1,0,0
12.61,1,1,0,0,0,0,1,0,0,0,0,11,0,1,0
32.93,0,1,0,0,0,0,1,0,0,0,0,49,0,0,1
14.79,0,1,0,0,0,0,1,0,0,0,0,24,0,1,0
24.2,0,1,0,0,0,1,0,0,0,0,0,12,0,0,1
6.69,1,1,0,0,0,1,0,0,0,0,0,68,1,0,0
12.23,1,0,0,0,0,0,0,0,0,0,1,14,0,1,0
6.74,1,1,0,0,1,0,0,0,0,0,0,27,1,0,0
16.06,0,0,0,0,0,0,1,0,0,0,0,119,0,1,0
12.23,0,1,1,0,0,0,0,0,0,0,0,96,0,1,0
22.8,0,1,0,0,0,0,1,0,0,0,0,3,0,0,1
12.18,1,1,0,0,0,0,1,0,0,0,0,24,1,0,0
9.17,1,1,1,0,0,0,0,0,0,0,0,4,1,0,0
14.07,1,0,1,0,0,0,0,0,0,0,0,219,0,1,0
14.84,1,1,1,0,0,0,0,0,0,0,0,96,0,1,0
6.69,1,0,1,0,0,0,0,0,0,0,0,219,1,0,0
14.07,0,1,0,0,0,0,1,0,0,0,0,6,0,1,0
14.12,1,0,0,0,0,0,0,1,0,0,0,5,0,1,0
6.69,0,1,0,0,0,0,1,0,0,0,0,119,1,0,0
13.58,0,1,1,0,0,0,0,0,0,0,0,219,0,1,0
33.18,0,1,1,0,0,0,0,0,0,0,0,96,0,0,1
29.1,0,0,0,0,1,0,0,0,0,0,0,2,0,0,1
24.25,0,1,1,0,0,0,0,0,0,0,0,15,0,0,1
29.05,1,1,1,0,0,0,0,0,0,0,0,96,0,0,1
6.55,0,1,0,0,0,1,0,0,0,0,0,37,1,0,0
24.3,0,0,0,0,0,0,1,0,0,0,0,119,0,0,1
19.4,1,1,0,0,0,1,0,0,0,0,0,37,0,0,1
20.52,0,1,1,0,0,0,0,0,0,0,0,219,0,0,1
29.39,1,1,0,0,1,0,0,0,0,0,0,27,0,0,1
13.78,1,1,0,1,0,0,0,0,0,0,0,46,0,1,0
14.12,0,1,1,0,0,0,0,0,0,0,0,219,0,1,0
19.4,1,0,0,0,1,0,0,0,0,0,0,16,0,0,1
19.4,1,1,1,0,0,0,0,0,0,0,0,96,0,0,1
6.84,1,1,0,0,0,0,1,0,0,0,0,11,1,0,0
22.8,1,1,0,0,0,1,0,0,0,0,0,7,0,0,1
19.4,1,1,1,0,0,0,0,0,0,0,0,219,0,0,1
14.12,1,1,0,1,0,0,0,0,0,0,0,55,0,1,0
28.62,1,0,0,0,1,0,0,0,0,0,0,5,0,0,1
29.25,0,1,0,0,0,0,1,0,0,0,0,119,0,0,1
9.65,1,1,0,1,0,0,0,0,0,0,0,9,1,0,0
15.71,0,1,1,0,0,0,0,0,0,0,0,96,0,1,0
12.13,0,0,0,0,0,0,1,0,0,0,0,37,1,0,0
15.18,1,0,1,0,0,0,0,0,0,0,0,219,0,1,0
22.36,1,1,0,0,0,1,0,0,0,0,0,68,0,0,1
12.13,0,0,0,0,1,0,0,0,0,0,0,5,1,0,0
12.13,1,1,1,0,0,0,0,0,0,0,0,219,1,0,0
31.43,0,1,0,0,0,0,1,0,0,0,0,16,0,0,1
20.18,0,1,1,0,0,0,0,0,0,0,0,96,0,0,1
16.3,1,1,0,0,0,0,0,0,0,1,0,18,0,1,0
14.07,0,1,0,1,0,0,0,0,0,0,0,59,0,1,0
6.69,1,1,0,0,0,0,1,0,0,0,0,16,1,0,0
24.2,1,1,0,1,0,0,0,0,0,0,0,46,0,0,1
6.69,0,0,1,0,0,0,0,0,0,0,0,219,1,0,0
9.56,0,1,0,0,0,0,0,0,0,1,0,18,1,0,0
8.54,1,1,0,1,0,0,0,0,0,0,0,46,1,0,0
24.2,1,1,0,0,0,1,0,0,0,0,0,37,0,0,1
8.1,0,0,0,0,0,0,0,0,1,0,0,8,1,0,0
19.35,0,0,1,0,0,0,0,0,0,0,0,96,0,1,0
13.68,1,1,0,0,0,0,0,0,0,1,0,18,0,1,0
13.97,1,1,0,0,0,0,1,0,0,0,0,49,0,1,0
9.75,1,0,0,0,0,0,1,0,0,0,0,119,1,0,0
6.74,1,1,0,0,1,0,0,0,0,0,0,27,1,0,0
11.84,1,1,0,0,0,0,0,0,0,0,1,6,1,0,0
16.05,1,1,1,0,0,0,0,0,0,0,0,29,0,1,0
12.23,0,1,0,0,0,0,1,0,0,0,0,29,0,1,0
32.93,1,0,1,0,0,0,0,0,0,0,0,3,0,0,1
14.21,0,1,0,0,0,0,0,0,1,0,0,13,0,1,0
29.1,1,0,0,0,0,0,1,0,0,0,0,30,0,0,1
15.57,0,0,1,0,0,0,0,0,0,0,0,219,0,1,0
12.13,0,1,0,0,0,0,1,0,0,0,0,37,1,0,0
29.15,1,1,1,0,0,0,0,0,0,0,0,96,0,0,1
11.98,0,1,1,0,0,0,0,0,0,0,0,12,1,0,0
29.3,1,1,1,0,0,0,0,0,0,0,0,3,0,0,1
14.02,1,0,0,0,0,0,1,0,0,0,0,3,0,1,0
32.93,0,1,1,0,0,0,0,0,0,0,0,132,0,0,1
14.07,0,0,1,0,0,0,0,0,0,0,0,29,0,1,0
25.17,0,1,0,0,0,0,1,0,0,0,0,37,0,0,1
16.06,1,1,0,0,0,1,0,0,0,0,0,1,0,1,0
24.25,1,1,1,0,0,0,0,0,0,0,0,219,0,0,1
12.13,1,1,0,0,0,0,0,0,0,0,1,4,1,0,0
13.05,0,1,0,0,0,0,1,0,0,0,0,3,0,1,0
12.23,0,1,0,0,0,0,0,0,0,0,1,3,0,1,0
12.18,1,0,1,0,0,0,0,0,0,0,0,15,1,0,0
29.1,1,0,0,0,0,1,0,0,0,0,0,132,0,0,1
12.81,1,1,0,0,0,0,1,0,0,0,0,3,0,1,0
24.3,0,1,1,0,0,0,0,0,0,0,0,15,0,0,1
14.79,0,1,0,0,0,1,0,0,0,0,0,68,0,1,0
29.3,0,1,1,0,0,0,0,0,0,0,0,7,0,0,1
8.93,1,0,1,0,0,0,0,0,0,0,0,96,1,0,0
12.23,1,1,0,0,0,0,1,0,0,0,0,119,0,1,0
16.1,1,1,0,1,0,0,0,0,0,0,0,59,0,1,0
12.08,0,0,1,0,0,0,0,0,0,0,0,29,1,0,0
24.25,0,1,0,0,0,0,0,0,0,1,0,18,0,0,1
12.18,0,0,0,0,0,0,1,0,0,0,0,18,1,0,0
14.07,0,1,1,0,0,0,0,0,0,0,0,2,0,1,0
15.52,1,1,1,0,0,0,0,0,0,0,0,219,0,1,0
12.13,0,1,1,0,0,0,0,0,0,0,0,132,1,0,0
29.44,1,1,0,0,0,1,0,0,0,0,0,68,0,0,1
8.63,1,1,0,0,0,0,1,0,0,0,0,24,1,0,0
5.67,1,0,0,0,0,0,1,0,0,0,0,42,1,0,0
12.18,1,0,0,0,0,0,1,0,0,0,0,37,1,0,0
12.37,1,1,0,0,0,0,0,0,0,0,1,1,0,1,0
19.35,1,1,1,0,0,0,0,0,0,0,0,132,0,1,0
32.98,1,0,0,0,0,1,0,0,0,0,0,132,0,0,1
8.1,0,1,0,0,0,0,1,0,0,0,0,30,1,0,0
11.11,0,1,0,0,0,0,1,0,0,0,0,42,1,0,0
12.56,0,1,1,0,0,0,0,0,0,0,0,132,0,1,0
25.27,0,0,0,0,0,1,0,0,0,0,0,68,0,0,1
12.13,1,1,0,0,0,1,0,0,0,0,0,132,1,0,0
9.41,1,1,0,0,0,0,0,1,0,0,0,25,1,0,0
9.51,0,0,1,0,0,0,0,0,0,0,0,96,1,0,0
25.27,0,1,0,0,0,0,0,0,0,1,0,2,0,0,1
12.56,0,1,0,0,0,0,1,0,0,0,0,119,0,1,0
15.57,1,0,1,0,0,0,0,0,0,0,0,27,0,1,0
19.35,0,1,0,0,0,0,1,0,0,0,0,49,0,1,0
29.1,0,1,1,0,0,0,0,0,0,0,0,18,0,0,1
12.23,0,0,1,0,0,0,0,0,0,0,0,12,0,1,0
14.5,0,1,0,0,0,0,0,0,0,0,1,9,0,1,0
25.22,0,1,1,0,0,0,0,0,0,0,0,219,0,0,1
24.35,1,1,0,0,0,0,1,0,0,0,0,119,0,0,1
21.29,1,1,1,0,0,0,0,0,0,0,0,96,0,0,1
9.46,1,1,0,0,0,0,0,0,0,0,1,4,1,0,0
14.02,1,0,0,0,0,1,0,0,0,0,0,132,0,1,0
15.96,0,1,1,0,0,0,0,0,0,0,0,15,0,1,0
19.4,0,0,0,0,0,0,1,0,0,0,0,119,0,0,1
12.37,1,1,0,0,0,0,1,0,0,0,0,7,0,1,0
12.13,1,0,0,0,0,1,0,0,0,0,0,68,1,0,0
21.93,0,1,0,0,0,0,0,0,0,0,1,10,0,0,1
6.02,0,1,0,0,0,0,1,0,0,0,0,3,1,0,0
19.35,1,1,0,0,0,0,0,0,1,0,0,13,0,1,0
22.02,0,0,0,0,0,0,0,0,0,0,1,6,0,0,1
8.0,1,0,0,0,0,0,1,0,0,0,0,49,1,0,0
29.1,0,0,0,0,0,0,1,0,0,0,0,42,0,0,1
12.95,0,1,0,0,0,0,1,0,0,0,0,11,0,1,0
16.1,0,1,0,0,0,0,1,0,0,0,0,44,0,1,0
5.73,0,1,1,0,0,0,0,0,0,0,0,96,1,0,0
8.1,1,1,0,1,0,0,0,0,0,0,0,46,1,0,0
16.98,1,1,0,0,1,0,0,0,0,0,0,27,0,1,0
8.34,0,1,1,0,0,0,0,0,0,0,0,219,1,0,0
24.25,0,0,0,0,0,0,1,0,0,0,0,119,0,0,1
29.2,1,1,0,0,0,0,0,0,0,0,1,2,0,0,1
14.55,0,1,1,0,0,0,0,0,0,0,0,12,0,1,0
24.2,1,0,0,0,0,1,0,0,0,0,0,132,0,0,1
12.13,0,0,0,0,0,0,1,0,0,0,0,119,1,0,0
19.45,1,1,1,0,0,0,0,0,0,0,0,15,0,0,1
9.75,1,1,0,0,0,0,0,0,0,1,0,3,1,0,0
19.98,1,0,0,0,0,0,0,0,1,0,0,13,0,0,1
11.88,1,1,0,0,0,0,1,0,0,0,0,44,1,0,0
6.69,0,1,0,1,0,0,0,0,0,0,0,59,1,0,0
21.29,1,1,0,1,0,0,0,0,0,0,0,55,0,0,1
11.64,1,1,0,0,0,0,0,0,0,0,1,14,1,0,0
32.93,0,1,1,0,0,0,0,0,0,0,0,27,0,0,1
12.56,1,0,1,0,0,0,0,0,0,0,0,96,0,1,0
14.07,0,0,0,1,0,0,0,0,0,0,0,59,0,1,0
33.03,1,1,0,0,0,1,0,0,0,0,0,37,0,0,1
12.95,0,1,0,0,0,0,0,0,0,1,0,18,0,1,0
12.27,1,1,1,0,0,0,0,0,0,0,0,219,0,1,0
12.18,1,1,0,0,1,0,0,0,0,0,0,27,1,0,0
12.08,0,1,0,0,0,1,0,0,0,0,0,132,1,0,0
12.18,1,1,1,0,0,0,0,0,0,0,0,3,1,0,0
12.22,0,1,0,0,0,0,1,0,0,0,0,119,0,1,0
12.95,1,1,1,0,0,0,0,0,0,0,0,219,0,1,0
29.1,1,0,0,0,0,0,1,0,0,0,0,37,0,0,1
15.23,0,1,0,0,0,0,0,0,1,0,0,23,0,1,0
15.81,0,0,0,0,0,0,1,0,0,0,0,44,0,1,0
15.96,1,0,0,1,0,0,0,0,0,0,0,59,0,1,0
16.25,0,1,1,0,0,0,0,0,0,0,0,27,0,1,0
8.54,1,1,0,0,0,0,1,0,0,0,0,49,1,0,0
29.1,0,1,0,0,0,0,1,0,0,0,0,49,0,0,1
6.74,0,1,0,0,0,0,1,0,0,0,0,119,1,0,0
31.38,0,1,0,0,0,0,1,0,0,0,0,119,0,0,1
22.75,0,0,0,0,0,1,0,0,0,0,0,68,0,0,1
16.93,1,1,0,0,0,0,0,1,0,0,0,6,0,1,0
32.98,0,1,0,0,0,1,0,0,0,0,0,37,0,0,1
5.82,0,0,1,0,0,0,0,0,0,0,0,219,1,0,0
22.26,0,0,0,0,0,0,1,0,0,0,0,44,0,0,1
15.57,1,1,0,0,0,0,0,0,1,0,0,5,0,1,0
33.32,1,0,0,0,0,0,0,0,1,0,0,3,0,0,1
21.34,1,1,1,0,0,0,0,0,0,0,0,96,0,0,1
31.43,1,1,1,0,0,0,0,0,0,0,0,132,0,0,1
9.22,1,1,0,0,0,0,1,0,0,0,0,37,1,0,0
9.55,1,1,0,0,0,0,1,0,0,0,0,30,1,0,0
8.59,1,1,1,0,0,0,0,0,0,0,0,18,1,0,0
14.02,1,1,1,0,0,0,0,0,0,0,0,3,0,1,0
16.15,0,1,0,1,0,0,0,0,0,0,0,4,0,1,0
8.97,0,1,0,1,0,0,0,0,0,0,0,59,1,0,0
9.22,1,1,0,0,0,0,1,0,0,0,0,49,1,0,0
8.97,0,0,0,0,0,0,1,0,0,0,0,42,1,0,0
14.12,0,1,0,0,0,0,1,0,0,0,0,42,0,1,0
19.35,1,1,1,0,0,0,0,0,0,0,0,219,0,1,0
20.52,0,1,1,0,0,0,0,0,0,0,0,219,0,0,1
18.43,1,1,0,1,0,0,0,0,0,0,0,9,0,1,0
9.27,0,1,0,0,0,0,1,0,0,0,0,18,1,0,0
12.47,0,1,0,0,0,1,0,0,0,0,0,68,0,1,0
29.15,0,0,0,0,0,0,0,0,1,0,0,23,0,0,1
12.18,0,1,1,0,0,0,0,0,0,0,0,219,1,0,0
9.51,0,1,1,0,0,0,0,0,0,0,0,15,1,0,0
12.18,1,1,0,0,0,1,0,0,0,0,0,12,1,0,0
12.13,1,1,0,0,0,0,0,1,0,0,0,25,1,0,0
6.79,1,1,1,0,0,0,0,0,0,0,0,219,1,0,0
12.08,1,1,1,0,0,0,0,0,0,0,0,96,1,0,0
13.92,1,1,0,1,0,0,0,0,0,0,0,55,0,1,0
6.84,0,1,0,0,0,1,0,0,0,0,0,132,1,0,0
25.27,1,0,0,1,0,0,0,0,0,0,0,4,0,0,1
9.17,0,1,0,0,0,0,1,0,0,0,0,42,1,0,0
24.3,1,0,1,0,0,0,0,0,0,0,0,219,0,0,1
16.2,0,0,1,0,0,0,0,0,0,0,0,219,0,1,0
20.13,0,1,0,0,0,0,0,0,1,0,0,3,0,0,1
19.35,1,0,1,0,0,0,0,0,0,0,0,27,0,1,0
14.02,1,1,0,1,0,0,0,0,0,0,0,13,0,1,0
22.36,0,0,1,0,0,0,0,0,0,0,0,219,0,0,1
12.08,1,1,1,0,0,0,0,0,0,0,0,2,1,0,0
12.18,0,0,1,0,0,0,0,0,0,0,0,219,1,0,0
12.27,1,1,1,0,0,0,0,0,0,0,0,7,0,1,0
6.64,0,1,0,1,0,0,0,0,0,0,0,46,1,0,0
31.33,0,0,0,0,0,0,1,0,0,0,0,24,0,0,1
6.06,1,0,1,0,0,0,0,0,0,0,0,15,1,0,0
24.2,0,0,1,0,0,0,0,0,0,0,0,219,0,0,1
15.77,1,1,0,0,0,1,0,0,0,0,0,68,0,1,0
29.05,1,1,0,0,0,0,0,0,0,1,0,18,0,0,1
15.96,0,1,0,1,0,0,0,0,0,0,0,55,0,1,0
5.72,0,1,1,0,0,0,0,0,0,0,0,219,1,0,0
5.67,0,0,0,0,0,0,0,1,0,0,0,25,1,0,0
24.2,0,1,0,0,0,0,0,0,0,1,0,2,0,0,1
11.79,1,1,0,0,0,0,0,0,0,0,1,4,1,0,0
8.73,0,0,0,0,0,0,0,0,1,0,0,16,1,0,0
21.93,0,1,0,1,0,0,0,0,0,0,0,59,0,0,1
24.2,1,1,1,0,0,0,0,0,0,0,0,132,0,0,1
22.26,1,1,1,0,0,0,0,0,0,0,0,15,0,0,1
14.5,0,0,0,0,0,0,1,0,0,0,0,119,0,1,0
12.23,1,1,1,0,0,0,0,0,0,0,0,96,0,1,0
20.57,1,1,1,0,0,0,0,0,0,0,0,219,0,0,1
16.05,1,1,0,0,0,0,1,0,0,0,0,49,0,1,0
25.27,1,1,0,0,0,1,0,0,0,0,0,68,0,0,1
7.38,0,1,0,0,0,0,1,0,0,0,0,37,1,0,0
13.78,1,1,0,0,0,0,1,0,0,0,0,119,0,1,0
22.85,0,0,1,0,0,0,0,0,0,0,0,27,0,0,1
12.13,0,1,0,0,0,0,1,0,0,0,0,37,1,0,0
12.9,0,0,0,1,0,0,0,0,0,0,0,59,0,1,0
29.49,1,1,1,0,0,0,0,0,0,0,0,219,0,0,1
15.76,1,1,1,0,0,0,0,0,0,0,0,219,0,1,0
29.25,1,1,0,0,0,0,0,0,0,0,1,2,0,0,1
5.82,0,1,0,1,0,0,0,0,0,0,0,46,1,0,0
21.88,1,1,1,0,0,0,0,0,0,0,0,15,0,0,1
9.51,1,1,0,0,0,0,0,0,1,0,0,16,1,0,0
15.09,0,1,0,1,0,0,0,0,0,0,0,13,0,1,0
24.2,0,0,0,0,0,1,0,0,0,0,0,14,0,0,1
29.25,1,1,0,0,0,1,0,0,0,0,0,1,0,0,1
16.44,1,1,0,0,0,1,0,0,0,0,0,68,0,1,0
24.3,1,0,0,0,0,0,1,0,0,0,0,119,0,0,1
6.06,0,1,0,0,0,1,0,0,0,0,0,132,1,0,0
12.18,0,1,1,0,0,0,0,0,0,0,0,29,1,0,0
12.08,0,1,0,0,0,1,0,0,0,0,0,68,1,0,0
19.45,1,1,0,0,0,0,1,0,0,0,0,24,0,0,1
9.65,0,1,0,0,0,1,0,0,0,0,0,132,1,0,0
19.74,1,0,1,0,0,0,0,0,0,0,0,219,0,0,1
12.18,1,0,0,0,0,0,0,0,0,0,1,1,1,0,0
14.55,1,1,0,1,0,0,0,0,0,0,0,59,0,1,0
6.07,0,0,1,0,0,0,0,0,0,0,0,15,1,0,0
15.91,0,0,1,0,0,0,0,0,0,0,0,7,0,1,0
16.98,0,1,0,0,0,0,0,0,0,0,1,2,0,1,0
25.22,0,1,0,0,0,0,1,0,0,0,0,37,0,0,1
32.93,1,1,0,0,0,0,1,0,0,0,0,18,0,0,1
12.08,1,0,0,0,0,1,0,0,0,0,0,132,1,0,0
29.05,1,0,0,0,0,0,0,0,0,1,0,4,0,0,1
24.3,0,1,0,0,0,1,0,0,0,0,0,37,0,0,1
18.04,0,1,0,0,0,0,1,0,0,0,0,119,0,1,0
9.22,0,1,0,0,0,1,0,0,0,0,0,1,1,0,0
29.2,1,1,0,0,0,0,0,0,0,0,1,6,0,0,1
29.15,0,1,0,0,0,0,0,0,1,0,0,5,0,0,1
12.32,0,0,0,1,0,0,0,0,0,0,0,59,0,1,0
19.35,0,1,0,0,0,0,0,0,1,0,0,23,0,1,0
29.1,0,1,0,0,0,0,1,0,0,0,0,29,0,0,1
29.2,0,1,1,0,0,0,0,0,0,0,0,15,0,0,1
13.68,1,1,0,0,0,1,0,0,0,0,0,68,0,1,0
11.88,1,1,0,0,0,0,0,0,1,0,0,13,1,0,0
14.12,0,1,0,0,0,1,0,0,0,0,0,68,0,1,0
16.06,0,1,0,0,0,0,1,0,0,0,0,37,0,1,0
14.02,0,1,0,0,0,0,0,0,0,0,1,6,0,1,0
24.2,0,1,0,0,0,0,0,0,1,0,0,2,0,0,1
8.2,1,1,1,0,0,0,0,0,0,0,0,96,1,0,0
24.25,0,1,0,0,0,0,1,0,0,0,0,49,0,0,1
25.27,1,0,0,0,0,0,0,0,0,1,0,18,0,0,1
5.97,1,0,1,0,0,0,0,0,0,0,0,4,1,0,0
22.36,0,1,0,1,0,0,0,0,0,0,0,59,0,0,1
24.3,0,0,0,0,0,0,0,0,1,0,0,13,0,0,1
12.13,1,1,1,0,0,0,0,0,0,0,0,27,1,0,0
19.4,0,1,0,0,0,0,1,0,0,0,0,42,0,0,1
12.23,1,1,0,0,0,1,0,0,0,0,0,132,0,1,0
8.54,0,1,0,0,0,1,0,0,0,0,0,37,1,0,0
24.2,0,0,0,0,0,0,0,0,0,0,1,6,0,0,1
8.59,1,0,0,0,0,1,0,0,0,0,0,68,1,0,0
31.67,0,1,0,0,0,1,0,0,0,0,0,37,0,0,1
24.3,0,1,0,0,0,0,1,0,0,0,0,37,0,0,1
29.05,1,1,0,0,0,0,1,0,0,0,0,42,0,0,1
12.13,1,0,1,0,0,0,0,0,0,0,0,12,1,0,0
12.23,1,1,1,0,0,0,0,0,0,0,0,7,0,1,0
16.44,1,1,0,0,1,0,0,0,0,0,0,27,0,1,0
5.05,0,1,0,0,0,1,0,0,0,0,0,132,1,0,0
22.75,1,0,1,0,0,0,0,0,0,0,0,219,0,0,1
16.98,0,1,0,0,0,1,0,0,0,0,0,132,0,1,0
12.13,1,1,0,0,0,0,1,0,0,0,0,37,1,0,0
12.08,0,1,0,0,0,0,1,0,0,0,0,29,1,0,0
12.23,1,1,0,0,0,0,0,1,0,0,0,3,0,1,0
29.05,1,1,0,0,0,0,0,0,0,0,1,9,0,0,1
8.68,0,1,0,0,0,1,0,0,0,0,0,68,1,0,0
29.2,1,1,0,0,0,1,0,0,0,0,0,132,0,0,1
24.2,0,1,1,0,0,0,0,0,0,0,0,219,0,0,1
29.05,1,1,0,0,0,1,0,0,0,0,0,132,0,0,1
9.17,1,1,0,0,0,1,0,0,0,0,0,37,1,0,0
13.0,1,1,0,0,0,0,0,0,0,0,1,9,0,1,0
11.69,1,1,0,0,0,1,0,0,0,0,0,132,1,0,0
13.0,1,0,1,0,0,0,0,0,0,0,0,96,0,1,0
29.25,1,1,1,0,0,0,0,0,0,0,0,1,0,0,1
7.03,1,0,0,1,0,0,0,0,0,0,0,55,1,0,0
16.11,1,1,0,0,0,0,1,0,0,0,0,119,0,1,0
14.8,1,0,0,1,0,0,0,0,0,0,0,46,0,1,0
19.45,0,0,0,0,0,0,1,0,0,0,0,119,0,0,1
8.83,0,0,0,0,0,1,0,0,0,0,0,132,1,0,0
29.1,1,1,0,0,0,1,0,0,0,0,0,37,0,0,1
29.1,0,1,0,0,0,0,0,0,0,0,1,9,0,0,1
29.49,1,1,0,0,0,0,1,0,0,0,0,6,0,0,1
9.07,0,1,1,0,0,0,0,0,0,0,0,219,1,0,0
21.93,1,1,0,0,0,1,0,0,0,0,0,3,0,0,1
16.05,0,1,0,0,0,1,0,0,0,0,0,1,0,1,0
16.98,1,1,0,0,0,0,1,0,0,0,0,4,0,1,0
12.13,0,0,1,0,0,0,0,0,0,0,0,219,1,0,0
12.13,1,1,1,0,0,0,0,0,0,0,0,18,1,0,0
12.66,0,0,0,0,0,0,1,0,0,0,0,49,0,1,0
21.34,0,1,0,1,0,0,0,0,0,0,0,55,0,0,1
14.94,0,1,1,0,0,0,0,0,0,0,0,18,0,1,0
12.13,1,1,0,0,0,0,0,1,0,0,0,25,1,0,0
12.23,1,0,1,0,0,0,0,0,0,0,0,96,0,1,0
29.1,1,0,1,0,0,0,0,0,0,0,0,219,0,0,1
17.08,0,1,0,0,0,0,0,0,0,0,1,4,0,1,0
14.02,0,0,0,0,0,0,0,1,0,0,0,5,0,1,0
14.5,1,1,1,0,0,0,0,0,0,0,0,132,0,1,0
6.69,1,1,0,0,0,0,1,0,0,0,0,49,1,0,0
12.13,1,1,0,0,0,1,0,0,0,0,0,5,1,0,0
12.17,1,1,0,0,0,0,1,0,0,0,0,49,1,0,0
15.77,1,1,0,0,1,0,0,0,0,0,0,27,0,1,0
12.18,1,1,0,0,0,0,1,0,0,0,0,30,1,0,0
12.18,0,1,0,0,0,0,0,0,0,0,1,10,1,0,0
16.1,0,1,0,0,0,1,0,0,0,0,0,132,0,1,0
6.4,0,1,0,0,0,1,0,0,0,0,0,132,1,0,0
9.41,1,1,0,0,0,0,1,0,0,0,0,30,1,0,0
12.08,0,1,0,0,0,1,0,0,0,0,0,132,1,0,0
8.54,1,0,0,0,0,0,1,0,0,0,0,119,1,0,0
24.25,1,0,0,1,0,0,0,0,0,0,0,59,0,0,1
7.28,1,0,1,0,0,0,0,0,0,0,0,132,1,0,0
6.01,1,0,1,0,0,0,0,0,0,0,0,219,1,0,0
16.1,0,0,0,0,0,1,0,0,0,0,0,2,0,1,0
11.59,0,1,0,0,0,0,0,0,1,0,0,8,1,0,0
29.15,0,0,1,0,0,0,0,0,0,0,0,7,0,0,1
5.77,1,1,1,0,0,0,0,0,0,0,0,6,1,0,0
6.79,0,1,1,0,0,0,0,0,0,0,0,96,1,0,0
5.92,1,0,1,0,0,0,0,0,0,0,0,219,1,0,0
5.77,1,1,0,0,0,0,0,0,0,0,1,6,1,0,0
15.72,1,1,1,0,0,0,0,0,0,0,0,12,0,1,0
31.38,1,1,0,0,0,0,0,0,1,0,0,13,0,0,1
19.35,0,1,0,1,0,0,0,0,0,0,0,55,0,1,0
12.08,0,1,0,0,0,0,0,0,0,0,1,4,1,0,0
15.13,0,0,0,0,0,0,1,0,0,0,0,42,0,1,0
29.25,1,1,1,0,0,0,0,0,0,0,0,219,0,0,1
24.25,0,1,0,0,0,0,0,0,0,0,1,9,0,0,1
12.13,0,1,1,0,0,0,0,0,0,0,0,4,1,0,0
12.23,1,0,0,0,0,0,1,0,0,0,0,42,0,1,0
15.81,0,1,0,0,0,0,1,0,0,0,0,44,0,1,0
5.77,0,1,0,0,0,0,1,0,0,0,0,5,1,0,0
9.17,0,1,0,0,0,1,0,0,0,0,0,132,1,0,0
12.47,1,1,0,0,0,0,0,1,0,0,0,25,0,1,0
25.22,1,1,0,0,1,0,0,0,0,0,0,27,0,0,1
33.03,1,1,0,0,0,1,0,0,0,0,0,132,0,0,1
29.44,1,0,0,1,0,0,0,0,0,0,0,55,0,0,1
15.96,1,1,0,0,0,0,1,0,0,0,0,44,0,1,0
12.13,1,1,0,1,0,0,0,0,0,0,0,59,1,0,0
4.75,0,1,0,1,0,0,0,0,0,0,0,55,1,0,0
21.83,0,1,1,0,0,0,0,0,0,0,0,219,0,0,1
6.84,1,1,1,0,0,0,0,0,0,0,0,27,1,0,0
6.74,0,1,0,0,0,1,0,0,0,0,0,132,1,0,0
16.54,1,0,0,0,0,1,0,0,0,0,0,132,0,1,0
29.29,1,1,0,1,0,0,0,0,0,0,0,55,0,0,1
12.23,0,0,0,0,0,0,1,0,0,0,0,30,0,1,0
17.08,1,0,0,0,0,0,1,0,0,0,0,119,0,1,0
12.13,1,1,0,0,0,0,1,0,0,0,0,119,1,0,0
12.61,0,0,1,0,0,0,0,0,0,0,0,12,0,1,0
24.2,0,1,0,0,0,1,0,0,0,0,0,37,0,0,1
7.81,0,1,1,0,0,0,0,0,0,0,0,12,1,0,0
22.85,1,1,0,0,0,0,0,0,0,0,1,9,0,0,1
24.2,1,1,1,0,0,0,0,0,0,0,0,5,0,0,1
14.12,0,1,0,0,0,0,0,0,0,1,0,4,0,1,0
12.23,0,1,0,1,0,0,0,0,0,0,0,4,0,1,0
14.12,1,1,1,0,0,0,0,0,0,0,0,27,0,1,0
24.35,0,1,0,0,0,1,0,0,0,0,0,37,0,0,1
16.74,1,1,0,0,0,0,1,0,0,0,0,44,0,1,0
9.85,0,1,0,0,0,0,1,0,0,0,0,119,1,0,0
9.31,1,1,0,0,0,0,1,0,0,0,0,16,1,0,0
17.03,0,1,1,0,0,0,0,0,0,0,0,219,0,1,0
12.08,0,1,0,0,0,0,1,0,0,0,0,42,1,0,0
12.13,0,0,1,0,0,0,0,0,0,0,0,219,1,0,0
8.39,1,1,1,0,0,0,0,0,0,0,0,96,1,0,0
6.64,0,1,0,1,0,0,0,0,0,0,0,9,1,0,0
9.22,0,1,0,0,0,1,0,0,0,0,0,132,1,0,0
31.33,1,1,1,0,0,0,0,0,0,0,0,15,0,0,1
22.36,1,1,1,0,0,0,0,0,0,0,0,219,0,0,1
20.13,0,0,0,0,1,0,0,0,0,0,0,16,0,0,1
13.1,0,0,1,0,0,0,0,0,0,0,0,219,0,1,0
22.31,0,0,0,1,0,0,0,0,0,0,0,4,0,0,1
14.94,0,1,1,0,0,0,0,0,0,0,0,7,0,1,0
16.15,1,0,1,0,0,0,0,0,0,0,0,219,0,1,0
25.27,1,1,1,0,0,0,0,0,0,0,0,96,0,0,1
9.7,0,1,1,0,0,0,0,0,0,0,0,3,1,0,0
29.1,1,0,0,0,0,0,0,0,1,0,0,23,0,0,1
9.17,1,0,1,0,0,0,0,0,0,0,0,18,1,0,0
9.51,0,1,0,1,0,0,0,0,0,0,0,13,1,0,0
6.02,1,1,0,0,0,0,1,0,0,0,0,30,1,0,0
15.72,1,1,1,0,0,0,0,0,0,0,0,96,0,1,0
21.25,0,1,0,0,0,0,0,0,0,0,1,10,0,0,1
29.1,1,1,0,0,0,0,0,0,1,0,0,23,0,0,1
24.2,1,1,1,0,0,0,0,0,0,0,0,27,0,0,1
9.17,0,0,0,0,1,0,0,0,0,0,0,5,1,0,0
11.69,0,1,1,0,0,0,0,0,0,0,0,219,1,0,0
25.22,1,1,1,0,0,0,0,0,0,0,0,3,0,0,1
31.87,1,1,0,1,0,0,0,0,0,0,0,59,0,0,1
9.22,0,1,0,0,0,0,1,0,0,0,0,29,1,0,0
12.18,0,1,1,0,0,0,0,0,0,0,0,219,1,0,0
16.44,0,1,0,0,0,0,1,0,0,0,0,119,0,1,0
13.1,1,1,1,0,0,0,0,0,0,0,0,219,0,1,0
12.13,0,1,0,0,0,1,0,0,0,0,0,5,1,0,0
12.13,1,0,0,0,0,0,1,0,0,0,0,24,1,0,0
15.57,1,1,0,0,0,1,0,0,0,0,0,132,0,1,0
14.02,0,0,0,0,1,0,0,0,0,0,0,27,0,1,0
24.25,0,0,0,0,0,0,1,0,0,0,0,18,0,0,1
6.69,1,1,1,0,0,0,0,0,0,0,0,3,1,0,0
24.3,1,1,0,0,0,1,0,0,0,0,0,132,0,0,1
24.25,0,0,1,0,0,0,0,0,0,0,0,219,0,0,1
19.45,1,0,0,0,0,0,0,0,0,1,0,18,0,0,1
9.65,1,1,0,0,0,0,1,0,0,0,0,18,1,0,0
12.66,1,1,1,0,0,0,0,0,0,0,0,219,0,1,0
5.72,1,0,0,1,0,0,0,0,0,0,0,1,1,0,0
19.02,1,1,0,0,0,0,1,0,0,0,0,24,0,1,0
16.06,0,1,0,0,0,0,0,0,0,1,0,3,0,1,0
29.15,0,1,0,0,0,0,1,0,0,0,0,6,0,0,1
12.13,1,1,1,0,0,0,0,0,0,0,0,96,1,0,0
19.45,0,0,1,0,0,0,0,0,0,0,0,219,0,0,1
21.83,0,0,0,0,0,1,0,0,0,0,0,68,0,0,1
21.83,0,0,0,0,0,0,1,0,0,0,0,24,0,0,1
29.05,0,1,1,0,0,0,0,0,0,0,0,5,0,0,1
12.56,0,0,0,0,0,1,0,0,0,0,0,132,0,1,0
29.15,0,0,0,0,0,0,1,0,0,0,0,37,0,0,1
12.13,1,0,0,0,0,0,1,0,0,0,0,16,1,0,0
12.23,0,0,0,1,0,0,0,0,0,0,0,55,0,1,0
14.55,1,1,1,0,0,0,0,0,0,0,0,132,0,1,0
34.19,0,0,0,1,0,0,0,0,0,0,0,46,0,0,1
19.45,1,1,1,0,0,0,0,0,0,0,0,29,0,0,1
14.6,1,1,0,0,0,1,0,0,0,0,0,132,0,1,0
5.53,1,0,1,0,0,0,0,0,0,0,0,219,1,0,0
10.82,0,1,0,0,0,0,1,0,0,0,0,44,1,0,0
32.93,0,0,0,0,0,0,1,0,0,0,0,119,0,0,1
19.45,1,1,0,0,0,0,1,0,0,0,0,3,0,0,1
29.15,1,1,1,0,0,0,0,0,0,0,0,219,0,0,1
19.35,0,0,0,0,0,0,1,0,0,0,0,37,0,1,0
14.6,1,1,1,0,0,0,0,0,0,0,0,15,0,1,0
11.59,1,0,0,0,0,1,0,0,0,0,0,68,1,0,0
29.15,1,1,1,0,0,0,0,0,0,0,0,11,0,0,1
29.05,0,1,1,0,0,0,0,0,0,0,0,15,0,0,1
22.46,0,0,0,0,0,0,1,0,0,0,0,37,0,0,1
16.01,0,0,0,0,0,0,0,1,0,0,0,25,0,1,0
11.59,1,1,1,0,0,0,0,0,0,0,0,6,1,0,0
25.22,1,0,0,0,0,0,0,0,0,1,0,18,0,0,1
22.75,1,1,0,0,1,0,0,0,0,0,0,5,0,0,1
7.33,0,0,1,0,0,0,0,0,0,0,0,15,1,0,0
15.81,1,1,0,0,0,0,1,0,0,0,0,30,0,1,0
8.1,0,1,0,0,0,0,0,0,1,0,0,16,1,0,0
16.01,1,1,1,0,0,0,0,0,0,0,0,15,0,1,0
29.73,1,1,1,0,0,0,0,0,0,0,0,29,0,0,1
10.43,1,0,1,0,0,0,0,0,0,0,0,15,1,0,0
32.93,1,1,1,0,0,0,0,0,0,0,0,5,0,0,1
31.33,1,1,0,0,0,0,0,0,1,0,0,23,0,0,1
10.14,0,0,0,0,0,1,0,0,0,0,0,68,1,0,0
13.05,0,1,0,0,0,1,0,0,0,0,0,1,0,1,0
16.2,1,1,0,1,0,0,0,0,0,0,0,59,0,1,0
14.46,0,1,0,0,0,0,0,1,0,0,0,7,0,1,0
19.5,1,0,0,0,0,1,0,0,0,0,0,5,0,0,1
14.5,0,1,0,0,0,0,1,0,0,0,0,119,0,1,0
13.0,1,1,1,0,0,0,0,0,0,0,0,29,0,1,0
25.27,0,0,0,0,0,0,1,0,0,0,0,49,0,0,1
12.08,1,1,0,0,0,0,1,0,0,0,0,119,1,0,0
12.18,1,1,1,0,0,0,0,0,0,0,0,219,1,0,0
29.1,1,1,1,0,0,0,0,0,0,0,0,219,0,0,1
12.61,1,1,0,1,0,0,0,0,0,0,0,55,0,1,0
12.18,0,0,0,0,0,0,1,0,0,0,0,37,1,0,0
8.63,0,1,1,0,0,0,0,0,0,0,0,219,1,0,0
9.02,0,0,0,0,0,0,1,0,0,0,0,18,1,0,0
9.51,0,1,0,0,0,1,0,0,0,0,0,14,1,0,0
29.05,1,1,1,0,0,0,0,0,0,0,0,96,0,0,1
14.02,0,1,0,0,0,0,1,0,0,0,0,11,0,1,0
29.05,0,0,0,0,0,1,0,0,0,0,0,3,0,0,1
16.06,1,1,0,0,0,0,0,0,0,0,1,2,0,1,0
24.3,1,1,0,0,0,1,0,0,0,0,0,132,0,0,1
12.13,0,1,0,0,0,0,1,0,0,0,0,44,1,0,0
9.27,1,0,0,1,0,0,0,0,0,0,0,59,1,0,0
4.9,1,0,0,0,0,0,1,0,0,0,0,44,1,0,0
31.43,0,1,0,0,0,1,0,0,0,0,0,1,0,0,1
9.12,0,1,0,0,0,1,0,0,0,0,0,68,1,0,0
15.33,1,1,0,0,0,0,1,0,0,0,0,44,0,1,0
12.13,1,1,1,0,0,0,0,0,0,0,0,96,1,0,0
16.15,1,0,0,0,0,0,0,1,0,0,0,25,0,1,0
6.74,0,1,0,0,0,0,0,1,0,0,0,25,1,0,0
7.38,0,1,0,0,0,1,0,0,0,0,0,68,1,0,0
6.69,1,1,0,0,1,0,0,0,0,0,0,27,1,0,0
12.47,0,1,0,0,0,0,0,0,0,0,1,14,0,1,0
6.79,1,0,0,0,0,1,0,0,0,0,0,14,1,0,0
12.13,1,0,0,0,0,0,1,0,0,0,0,37,1,0,0
12.18,0,1,1,0,0,0,0,0,0,0,0,219,1,0,0
24.25,0,0,0,0,0,1,0,0,0,0,0,12,0,0,1
22.75,0,1,0,0,0,0,0,0,1,0,0,13,0,0,1
24.3,0,0,0,0,0,1,0,0,0,0,0,37,0,0,1
13.05,1,0,0,0,0,1,0,0,0,0,0,132,0,1,0
15.57,1,0,0,1,0,0,0,0,0,0,0,6,0,1,0
12.95,1,1,0,0,0,1,0,0,0,0,0,37,0,1,0
22.75,1,1,0,0,0,0,1,0,0,0,0,16,0,0,1
24.3,1,1,0,0,0,0,1,0,0,0,0,30,0,0,1
14.02,0,0,0,0,0,1,0,0,0,0,0,68,0,1,0
24.2,0,1,1,0,0,0,0,0,0,0,0,3,0,0,1
6.74,0,1,0,1,0,0,0,0,0,0,0,1,1,0,0
14.02,0,1,0,0,0,0,1,0,0,0,0,119,0,1,0
14.07,0,1,0,1,0,0,0,0,0,0,0,59,0,1,0
12.18,1,1,0,1,0,0,0,0,0,0,0,55,1,0,0
12.95,0,0,0,0,0,0,0,1,0,0,0,25,0,1,0
15.37,0,1,0,0,0,1,0,0,0,0,0,68,0,1,0
7.67,1,1,0,1,0,0,0,0,0,0,0,59,1,0,0
8.3,0,1,0,1,0,0,0,0,0,0,0,13,1,0,0
12.18,0,1,0,0,0,1,0,0,0,0,0,37,1,0,0
29.44,1,1,1,0,0,0,0,0,0,0,0,96,0,0,1
12.56,0,0,0,0,0,0,1,0,0,0,0,44,0,1,0
12.18,0,1,0,1,0,0,0,0,0,0,0,46,1,0,0
14.12,0,0,0,1,0,0,0,0,0,0,0,9,0,1,0
25.22,0,1,1,0,0,0,0,0,0,0,0,219,0,0,1
13.05,0,1,1,0,0,0,0,0,0,0,0,9,0,1,0
12.08,1,1,1,0,0,0,0,0,0,0,0,219,1,0,0
24.2,1,0,0,0,0,0,0,0,0,1,0,18,0,0,1
12.47,1,1,0,0,1,0,0,0,0,0,0,27,0,1,0
5.87,0,0,0,0,1,0,0,0,0,0,0,16,1,0,0
15.47,0,1,0,0,0,1,0,0,0,0,0,1,0,1,0
24.3,1,1,1,0,0,0,0,0,0,0,0,96,0,0,1
15.96,1,1,0,0,0,0,0,0,0,0,1,2,0,1,0
24.2,1,1,0,1,0,0,0,0,0,0,0,59,0,0,1
29.35,0,0,0,0,0,0,1,0,0,0,0,30,0,0,1
8.63,0,0,1,0,0,0,0,0,0,0,0,219,1,0,0
16.44,0,0,0,1,0,0,0,0,0,0,0,46,0,1,0
24.25,1,1,1,0,0,0,0,0,0,0,0,219,0,0,1
14.12,0,1,0,1,0,0,0,0,0,0,0,59,0,1,0
7.91,0,0,1,0,0,0,0,0,0,0,0,5,1,0,0
19.4,0,1,0,1,0,0,0,0,0,0,0,46,0,0,1
21.34,1,0,0,0,0,1,0,0,0,0,0,132,0,0,1
13.19,0,1,0,0,0,1,0,0,0,0,0,132,0,1,0
9.75,0,1,0,1,0,0,0,0,0,0,0,46,1,0,0
8.2,1,0,1,0,0,0,0,0,0,0,0,219,1,0,0
24.2,0,1,0,0,1,0,0,0,0,0,0,27,0,0,1
13.53,1,1,0,0,0,1,0,0,0,0,0,132,0,1,0
12.13,0,0,0,1,0,0,0,0,0,0,0,13,1,0,0
9.56,0,1,1,0,0,0,0,0,0,0,0,12,1,0,0
5.72,0,0,1,0,0,0,0,0,0,0,0,29,1,0,0
9.46,1,1,0,0,0,0,1,0,0,0,0,24,1,0,0
15.91,0,0,0,0,0,1,0,0,0,0,0,68,0,1,0
29.1,1,1,0,0,0,0,1,0,0,0,0,119,0,0,1
12.18,1,1,1,0,0,0,0,0,0,0,0,96,1,0,0
20.13,1,1,1,0,0,0,0,0,0,0,0,15,0,0,1
33.37,0,0,0,0,0,0,1,0,0,0,0,119,0,0,1
29.15,0,0,1,0,0,0,0,0,0,0,0,219,0,0,1
17.03,0,0,0,0,0,0,1,0,0,0,0,24,0,1,0
22.31,0,1,0,1,0,0,0,0,0,0,0,46,0,0,1
31.33,1,1,0,0,0,0,1,0,0,0,0,11,0,0,1
24.2,1,1,0,0,1,0,0,0,0,0,0,27,0,0,1
31.43,0,0,0,0,0,0,0,0,0,1,0,18,0,0,1
29.3,1,0,1,0,0,0,0,0,0,0,0,219,0,0,1
6.02,1,1,0,1,0,0,0,0,0,0,0,9,1,0,0
19.6,0,0,0,0,0,0,1,0,0,0,0,3,0,0,1
6.84,0,1,1,0,0,0,0,0,0,0,0,96,1,0,0
16.49,0,1,0,1,0,0,0,0,0,0,0,55,0,1,0
12.23,0,1,0,1,0,0,0,0,0,0,0,59,0,1,0
5.77,0,1,0,0,0,0,0,0,0,1,0,18,1,0,0
24.3,1,1,1,0,0,0,0,0,0,0,0,219,0,0,1
12.37,0,1,0,0,0,0,0,0,1,0,0,13,0,1,0
19.4,1,1,0,0,0,0,1,0,0,0,0,119,0,0,1
12.23,1,0,0,0,0,0,0,0,0,1,0,18,0,1,0
29.1,1,1,0,0,0,0,0,0,0,0,1,10,0,0,1
12.13,1,0,1,0,0,0,0,0,0,0,0,1,1,0,0
25.27,1,0,0,0,0,0,1,0,0,0,0,30,0,0,1
11.59,0,0,1,0,0,0,0,0,0,0,0,219,1,0,0
13.48,0,0,0,0,0,0,1,0,0,0,0,49,0,1,0
25.27,1,1,1,0,0,0,0,0,0,0,0,12,0,0,1
20.71,0,1,0,0,0,0,0,1,0,0,0,25,0,0,1
24.2,1,1,0,0,0,0,1,0,0,0,0,119,0,0,1
24.2,1,1,0,1,0,0,0,0,0,0,0,13,0,0,1
20.61,0,1,0,0,0,1,0,0,0,0,0,132,0,0,1
13.05,0,1,0,0,0,0,1,0,0,0,0,1,0,1,0
15.76,0,0,0,0,0,0,1,0,0,0,0,42,0,1,0
7.66,1,0,0,1,0,0,0,0,0,0,0,4,1,0,0
10.86,1,0,0,0,0,0,1,0,0,0,0,24,1,0,0
22.26,1,0,1,0,0,0,0,0,0,0,0,219,0,0,1
31.38,0,1,1,0,0,0,0,0,0,0,0,15,0,0,1
29.05,1,1,0,0,0,0,0,0,0,1,0,3,0,0,1
7.81,1,1,1,0,0,0,0,0,0,0,0,18,1,0,0
16.98,0,0,0,0,0,0,0,0,0,0,1,6,0,1,0
29.15,1,1,0,0,0,0,1,0,0,0,0,119,0,0,1
24.3,1,1,1,0,0,0,0,0,0,0,0,219,0,0,1
13.1,0,1,1,0,0,0,0,0,0,0,0,4,0,1,0
25.22,1,1,1,0,0,0,0,0,0,0,0,5,0,0,1
32.93,1,1,0,0,0,0,0,0,0,1,0,18,0,0,1
25.27,1,0,0,0,0,1,0,0,0,0,0,37,0,0,1
12.95,1,0,0,0,0,1,0,0,0,0,0,132,0,1,0
31.43,0,1,1,0,0,0,0,0,0,0,0,219,0,0,1
15.62,0,1,0,0,0,0,0,0,1,0,0,16,0,1,0
5.87,0,1,0,0,0,1,0,0,0,0,0,2,1,0,0
8.83,1,1,1,0,0,0,0,0,0,0,0,15,1,0,0
24.2,0,1,0,0,0,0,0,1,0,0,0,3,0,0,1
29.3,1,1,1,0,0,0,0,0,0,0,0,96,0,0,1
24.3,1,1,0,0,0,0,1,0,0,0,0,30,0,0,1
25.22,1,0,1,0,0,0,0,0,0,0,0,18,0,0,1
12.61,0,1,1,0,0,0,0,0,0,0,0,96,0,1,0
29.1,1,0,0,0,0,0,0,0,1,0,0,23,0,0,1
21.83,0,0,0,0,0,0,1,0,0,0,0,119,0,0,1
9.27,0,1,1,0,0,0,0,0,0,0,0,96,1,0,0
15.37,0,1,0,0,0,0,0,0,1,0,0,13,0,1,0
12.18,1,1,1,0,0,0,0,0,0,0,0,96,1,0,0
12.08,1,0,0,0,0,1,0,0,0,0,0,1,1,0,0
32.93,0,1,0,1,0,0,0,0,0,0,0,4,0,0,1
22.31,1,1,0,0,0,0,1,0,0,0,0,5,0,0,1
15.18,0,0,1,0,0,0,0,0,0,0,0,219,0,1,0
16.01,1,0,0,0,0,0,1,0,0,0,0,29,0,1,0
29.1,1,1,1,0,0,0,0,0,0,0,0,219,0,0,1
12.18,1,1,0,0,0,0,1,0,0,0,0,119,1,0,0
12.08,0,0,0,0,0,0,1,0,0,0,0,18,1,0,0
12.13,0,1,0,1,0,0,0,0,0,0,0,55,1,0,0
12.56,1,1,1,0,0,0,0,0,0,0,0,15,0,1,0
22.36,1,1,0,0,0,0,1,0,0,0,0,11,0,0,1
33.37,1,1,0,0,0,0,1,0,0,0,0,42,0,0,1
12.18,0,1,1,0,0,0,0,0,0,0,0,5,1,0,0
12.23,1,1,0,0,0,0,0,0,0,0,1,10,0,1,0
12.18,1,0,0,0,0,0,0,0,1,0,0,8,1,0,0
5.77,0,1,0,0,0,1,0,0,0,0,0,14,1,0,0
16.3,0,1,0,0,0,0,1,0,0,0,0,37,0,1,0
11.64,1,1,0,0,1,0,0,0,0,0,0,16,1,0,0
15.91,0,1,0,0,0,1,0,0,0,0,0,132,0,1,0
16.49,1,1,0,1,0,0,0,0,0,0,0,9,0,1,0
14.12,0,0,1,0,0,0,0,0,0,0,0,1,0,1,0
7.95,0,0,0,0,0,1,0,0,0,0,0,37,1,0,0
9.7,0,1,0,0,0,0,1,0,0,0,0,42,1,0,0
15.52,0,1,1,0,0,0,0,0,0,0,0,9,0,1,0
16.2,0,1,0,1,0,0,0,0,0,0,0,46,0,1,0
24.3,0,1,0,0,0,0,1,0,0,0,0,119,0,0,1
12.61,1,1,0,1,0,0,0,0,0,0,0,6,0,1,0
22.26,1,1,0,0,0,0,1,0,0,0,0,37,0,0,1
9.07,1,0,0,0,0,1,0,0,0,0,0,68,1,0,0
7.86,1,0,0,0,0,0,1,0,0,0,0,42,1,0,0
12.23,0,0,0,0,0,1,0,0,0,0,0,68,0,1,0
21.39,0,1,1,0,0,0,0,0,0,0,0,219,0,0,1
16.93,1,1,1,0,0,0,0,0,0,0,0,219,0,1,0
14.41,1,1,0,0,0,0,0,1,0,0,0,7,0,1,0
8.05,0,1,0,0,0,0,1,0,0,0,0,30,1,0,0
19.35,1,0,0,1,0,0,0,0,0,0,0,55,0,1,0
16.98,0,1,1,0,0,0,0,0,0,0,0,219,0,1,0
11.64,1,1,0,0,0,1,0,0,0,0,0,132,1,0,0
29.15,0,1,0,0,0,0,1,0,0,0,0,42,0,0,1
12.18,1,0,0,0,0,0,0,0,0,0,1,6,1,0,0
24.25,0,1,1,0,0,0,0,0,0,0,0,3,0,0,1
19.45,0,0,0,0,0,0,1,0,0,0,0,119,0,0,1
16.11,1,0,1,0,0,0,0,0,0,0,0,12,0,1,0
31.43,1,1,0,0,0,0,1,0,0,0,0,37,0,0,1
25.27,0,1,0,0,0,1,0,0,0,0,0,132,0,0,1
12.13,0,1,0,0,0,0,1,0,0,0,0,119,1,0,0
20.86,1,1,0,1,0,0,0,0,0,0,0,9,0,0,1
8.54,1,1,0,0,0,0,1,0,0,0,0,119,1,0,0
31.43,1,1,0,1,0,0,0,0,0,0,0,59,0,0,1
19.4,1,0,1,0,0,0,0,0,0,0,0,15,0,0,1
12.23,1,0,1,0,0,0,0,0,0,0,0,219,0,1,0
6.69,1,1,0,0,0,0,1,0,0,0,0,18,1,0,0
29.59,1,1,1,0,0,0,0,0,0,0,0,96,0,0,1
22.31,0,1,1,0,0,0,0,0,0,0,0,219,0,0,1
12.56,0,1,1,0,0,0,0,0,0,0,0,3,0,1,0
12.23,0,0,0,0,0,0,0,0,0,0,1,3,0,1,0
13.53,0,0,0,0,0,1,0,0,0,0,0,132,0,1,0
8.1,1,0,1,0,0,0,0,0,0,0,0,1,1,0,0
5.92,0,0,0,0,0,0,1,0,0,0,0,119,1,0,0
12.13,1,1,0,0,0,0,1,0,0,0,0,119,1,0,0
13.97,1,1,1,0,0,0,0,0,0,0,0,219,0,1,0
12.23,0,1,1,0,0,0,0,0,0,0,0,219,0,1,0
16.98,1,1,1,0,0,0,0,0,0,0,0,11,0,1,0
9.27,0,1,1,0,0,0,0,0,0,0,0,132,1,0,0
31.43,0,1,1,0,0,0,0,0,0,0,0,219,0,0,1
29.05,1,0,1,0,0,0,0,0,0,0,0,219,0,0,1
14.5,1,1,1,0,0,0,0,0,0,0,0,132,0,1,0
5.82,0,1,1,0,0,0,0,0,0,0,0,219,1,0,0
16.2,1,1,0,0,0,1,0,0,0,0,0,132,0,1,0
8.68,0,0,0,1,0,0,0,0,0,0,0,59,1,0,0
15.67,1,1,0,0,0,0,1,0,0,0,0,49,0,1,0
5.82,0,1,1,0,0,0,0,0,0,0,0,219,1,0,0
29.15,0,1,0,1,0,0,0,0,0,0,0,46,0,0,1
22.31,1,1,0,0,0,0,0,0,1,0,0,23,0,0,1
12.18,1,1,1,0,0,0,0,0,0,0,0,18,1,0,0
25.22,0,0,0,0,0,0,1,0,0,0,0,119,0,0,1
12.18,1,0,0,0,0,0,0,1,0,0,0,25,1,0,0
19.45,0,1,0,0,0,0,1,0,0,0,0,119,0,0,1
