,importance
cost_of_the_order,0.3463028661904012
restaurant_order_count,0.1803087812293293
Price_High,0.0777992126225242
is_weekend,0.06867883998415758
Cuisine_Middle Eastern,0.05347668261681188
Price_Low,0.04312341480453735
Price_Medium,0.04110733313968503
Cuisine_Italian,0.03177853429754981
Cuisine_Japanese,0.03137666618223812
Cuisine_Indian,0.026745094129175216
Cuisine_Other,0.02665702453124542
Cuisine_American,0.02479897158183081
Cuisine_Chinese,0.01889360973761551
Cuisine_Mexican,0.014964969157710555
Cuisine_Mediterranean,0.013987999795188128
